frame,t_s,theta_m1,theta,heading_raw,heading,rate_dps,tier,x_to_next_mm,y_offset_mm,travel_mm,otsu,sharpness,jump_rejected,fit_residual_px
0,0.0000,-0.4639,-1.6741,0.0000,0.0000,0.00,1,52.100,-6.802,0.00,50,24.8,0,0.367
1,0.0331,-0.4305,-1.7192,-0.0450,-0.0203,-0.11,1,52.132,-6.833,-0.03,50,24.8,0,0.440
2,0.0663,-0.4187,-1.7236,-0.0495,-0.0354,-0.17,1,52.132,-6.842,-0.03,50,24.8,0,0.419
3,0.0994,-0.3974,-1.8198,-0.1457,-0.0882,-0.42,1,52.145,-6.921,-0.04,50,24.8,0,0.477
4,0.1325,-0.4322,-1.7107,-0.0366,-0.0727,-0.26,1,52.105,-6.831,-0.00,50,24.8,0,0.385
5,0.1656,-0.4379,-1.6906,-0.0165,-0.0522,-0.11,1,52.107,-6.802,-0.01,50,24.6,0,0.327
6,0.1988,-0.5928,-1.8099,-0.1358,-0.0918,-0.30,1,52.106,-6.743,-0.01,50,23.4,0,0.222
7,0.2319,-0.7187,-2.0426,-0.3685,-0.2218,-0.95,1,52.144,-6.709,-0.04,49,23.5,0,0.388
8,0.2650,-0.6968,-2.2190,-0.5449,-0.3844,-1.65,1,52.034,-6.535,0.07,49,20.4,0,0.372
9,0.2982,-0.9714,-1.9735,-0.2994,-0.3762,-1.31,1,51.741,-6.197,0.36,49,21.4,0,0.384
10,0.3313,-1.0102,-1.7386,-0.0645,-0.2599,-0.45,1,51.803,-5.554,0.30,49,22.0,0,0.373
11,0.3644,-1.4212,-1.8261,-0.1520,-0.2196,-0.16,1,51.808,-3.506,0.29,49,25.7,0,0.224
12,0.3976,-1.6101,-1.9488,-0.2746,-0.2473,-0.28,1,51.536,-1.587,0.56,48,23.6,0,0.274
13,0.4307,-1.3983,-1.7269,-0.0528,-0.1648,0.21,1,51.150,-0.727,0.95,48,25.9,0,0.234
14,0.4638,-1.1608,-1.4752,0.1989,0.0027,1.07,1,50.862,-0.689,1.24,48,24.3,0,0.291
15,0.4969,-1.0824,-1.3480,0.3261,0.1678,1.77,1,50.705,-0.659,1.40,47,27.3,0,0.299
16,0.5301,-0.4321,-1.1232,0.5509,0.3724,2.55,1,50.535,-0.801,1.57,47,21.8,0,0.152
17,0.5632,-0.1490,-1.1697,0.5044,0.4783,2.67,1,50.473,-0.906,1.63,47,20.8,0,0.159
18,0.5963,-0.0490,-0.8316,0.8425,0.6908,3.33,1,50.436,-0.721,1.66,47,20.4,0,0.136
19,0.6295,-0.4935,-0.6656,1.0085,0.8945,3.83,1,50.365,-0.284,1.73,47,26.6,0,0.102
20,0.6626,-0.4035,-0.6486,1.0255,1.0233,3.84,1,50.346,-0.265,1.75,47,23.7,0,0.412
21,0.6957,-0.4191,-0.4230,1.2511,1.1958,4.09,1,50.282,-0.112,1.82,47,24.6,0,0.201
22,0.7289,-0.4134,-0.4173,1.2568,1.2977,3.91,1,50.282,-0.112,1.82,47,24.6,0,0.201
23,0.7620,-0.4083,-0.4782,1.1959,1.3231,3.35,1,50.276,-0.192,1.82,47,24.9,0,0.131
24,0.7951,-0.3637,-0.6525,1.0216,1.2484,2.35,1,50.285,-0.283,1.82,47,24.4,0,0.484
25,0.8282,-0.3619,-0.6507,1.0234,1.1900,1.62,1,50.285,-0.283,1.82,47,24.2,0,0.484
26,0.8614,-0.3566,-0.6454,1.0287,1.1469,1.10,1,50.285,-0.283,1.82,47,24.2,0,0.484
27,0.8945,-0.3404,-0.8308,0.8433,1.0304,0.28,1,50.327,-0.316,1.77,47,24.6,0,0.429
28,0.9276,-0.2886,-1.0216,0.6525,0.8654,-0.65,1,50.320,-0.467,1.78,47,23.4,0,0.144
29,0.9608,-0.3201,-0.9706,0.7035,0.7806,-0.99,1,50.305,-0.500,1.80,47,23.2,0,0.128
30,0.9939,-0.0634,-0.5276,1.1465,0.9272,-0.03,1,50.084,-0.500,2.02,46,22.6,0,0.159
31,1.0270,-0.2042,-0.6772,0.9970,0.9580,0.14,1,49.760,-0.504,2.34,46,22.8,0,0.150
32,1.0602,-0.0663,-0.5410,1.1332,1.0394,0.55,1,49.142,-0.541,2.96,45,20.8,0,0.135
33,1.0933,-0.1803,-0.7574,0.9167,0.9942,0.21,1,48.340,-0.402,3.76,43,22.8,0,0.241
34,1.1264,-0.0433,-0.6641,1.0100,1.0052,0.23,1,47.392,-0.314,4.71,42,20.7,0,0.143
35,1.1595,-0.4427,-0.4224,1.2517,1.1204,0.81,1,46.293,0.145,5.81,40,26.2,0,0.335
36,1.1927,-0.4108,-0.9045,0.7696,0.9773,-0.10,2,37.770,0.538,14.33,39,22.8,0,0.336
37,1.2258,-0.3940,-1.0616,0.6125,0.8113,-0.97,2,34.648,0.692,17.45,40,20.6,0,0.281
38,1.2589,-0.2963,-0.1226,1.5515,1.1266,0.89,1,28.902,1.041,23.20,40,19.9,0,0.166
39,1.2921,0.5005,-1.2583,0.4158,0.8230,-0.90,1,26.631,1.239,25.47,41,23.9,0,0.261
40,1.3252,0.4950,-1.3928,0.2813,0.5629,-2.13,1,25.179,1.252,26.92,43,20.3,0,0.170
41,1.3583,0.4529,-1.1989,0.4752,0.4845,-2.17,1,24.335,0.942,27.76,44,21.9,0,0.325
42,1.3915,0.2451,-0.9814,0.6927,0.5386,-1.50,1,24.106,0.760,27.99,44,22.4,0,0.146
43,1.4246,0.2361,-1.1514,0.5227,0.5042,-1.42,1,24.160,0.768,27.94,44,22.9,0,0.148
44,1.4577,0.3051,-1.0889,0.5852,0.5148,-1.11,1,24.121,0.869,27.98,44,21.5,0,0.243
45,1.4908,0.3813,-1.2988,0.3753,0.4318,-1.36,1,24.192,0.874,27.91,44,20.7,0,0.197
46,1.5240,0.3403,-1.1813,0.4928,0.4346,-1.10,1,24.865,0.647,27.24,43,19.9,0,0.179
47,1.5571,0.6062,-1.1724,0.5017,0.4448,-0.85,1,25.719,0.777,26.38,42,21.7,0,0.191
48,1.5902,0.3224,-1.0244,0.6498,0.5215,-0.29,1,26.692,0.564,25.41,41,18.9,0,0.131
49,1.6234,0.5069,-0.4356,1.2385,0.8389,1.47,1,27.889,0.443,24.21,40,18.6,0,0.266
50,1.6565,0.3263,-0.9267,0.7474,0.8245,1.13,1,28.219,0.233,23.88,40,20.0,0,0.426
51,1.6896,0.2095,1.3279,3.0020,1.8250,6.30,1,29.539,0.170,22.56,40,22.3,0,0.204
52,1.7227,0.1492,4.6608,6.3349,3.9692,16.68,1,31.479,0.211,20.62,40,20.6,0,0.236
53,1.7559,0.1797,4.8187,6.4928,5.4088,21.44,1,31.822,0.139,20.28,40,21.2,0,0.141
54,1.7890,0.2273,-0.4308,1.2433,3.9250,9.67,2,34.648,-0.639,17.45,40,19.6,0,0.234
55,1.8221,0.2773,-0.4737,1.2004,2.8751,2.32,2,35.986,-1.017,16.11,40,25.9,0,0.246
56,1.8553,0.0331,5.8880,7.5621,5.0265,13.45,1,41.731,-1.780,10.37,40,22.5,0,0.190
57,1.8884,0.1827,-0.0045,1.6696,3.7609,4.27,1,46.043,-2.033,6.06,40,23.4,0,0.279
58,1.9215,0.3007,0.0889,1.7630,2.9396,-0.90,1,47.151,-2.587,4.95,41,24.2,0,0.367
59,1.9547,0.3144,-0.0159,1.6582,2.3466,-3.92,1,48.913,-2.506,3.19,45,21.1,0,0.286
60,1.9878,0.3114,-0.0141,1.6600,1.9662,-5.27,1,50.969,-2.280,1.13,47,25.0,0,0.214
61,2.0209,-0.0260,-0.4826,1.1915,1.5216,-6.72,1,53.010,-1.913,-0.91,50,22.3,0,0.263
62,2.0540,-0.2354,-0.7409,0.9332,1.1345,-7.60,1,54.408,-1.268,-2.31,52,24.7,0,0.157
63,2.0872,-0.0851,-0.7377,0.9364,0.9069,-7.47,1,54.902,-1.154,-2.80,53,26.9,0,0.128
64,2.1203,-0.1467,-0.7767,0.8974,0.7665,-6.89,1,54.853,-1.145,-2.75,53,28.7,0,0.119
65,2.1534,-0.1137,-0.7392,0.9349,0.7167,-5.94,1,54.325,-1.049,-2.22,52,23.8,0,0.309
66,2.1866,-0.0089,-0.6001,1.0740,0.7693,-4.60,1,53.291,-0.813,-1.19,51,23.9,0,0.158
67,2.2197,-0.0778,-0.7763,0.8978,0.7433,-3.92,1,52.091,-0.553,0.01,49,21.2,0,0.204
68,2.2528,-0.1293,-0.6812,0.9929,0.7842,-3.00,1,50.769,-0.419,1.33,47,23.5,0,0.150
69,2.2860,-0.3908,-0.5646,1.1096,0.8759,-1.98,1,49.349,-0.297,2.75,46,21.0,0,0.370
70,2.3191,-0.2411,-0.8206,0.8536,0.8298,-1.87,1,47.933,-0.754,4.17,43,23.8,0,0.120
71,2.3522,-0.3798,-0.5426,1.1315,0.9314,-1.00,1,46.771,-1.000,5.33,41,21.7,0,0.345
72,2.3853,-0.2552,-0.4118,1.2623,1.0622,-0.12,1,45.978,-1.522,6.12,40,24.5,0,0.398
73,2.4185,0.0712,-0.6810,0.9931,1.0290,-0.27,2,35.986,-1.602,16.11,40,20.9,0,0.284
74,2.4516,0.1621,-0.5778,1.0963,1.0543,-0.09,2,33.310,-1.910,18.79,40,21.6,0,0.168
75,2.4847,0.1441,-0.9651,0.7090,0.8973,-0.92,1,27.502,-1.632,24.60,41,19.1,0,0.279
76,2.5179,0.2190,-0.8146,0.8595,0.8636,-0.93,1,25.705,-1.643,26.40,42,21.5,0,0.254
77,2.5510,0.2247,-0.8696,0.8045,0.8200,-1.00,1,23.938,-1.614,28.16,44,19.8,0,0.240
78,2.5841,-0.0789,-1.1112,0.5629,0.6860,-1.54,1,21.883,-1.565,30.22,47,18.8,0,0.257
79,2.6173,-0.4838,-1.0327,0.6414,0.6378,-1.53,1,19.467,-1.652,32.63,49,23.5,0,0.145
80,2.6504,-1.1274,-1.2525,0.4216,0.5127,-1.93,1,16.806,-1.505,35.29,51,18.4,0,0.402
81,2.6835,-1.3077,-1.2926,0.3815,0.4185,-2.09,1,13.538,-1.459,38.56,54,21.3,0,0.118
82,2.7166,-1.3270,-1.2406,0.4335,0.3872,-1.89,1,9.834,-1.708,42.27,56,21.1,0,0.298
83,2.7498,-1.1679,-1.1550,0.5191,0.4122,-1.42,1,5.687,-1.726,46.41,58,25.2,0,0.116
84,2.7829,-1.4632,-1.1667,0.5075,0.4292,-1.07,1,1.015,-1.911,51.09,63,23.9,0,0.351
85,2.8160,-0.8909,-0.9364,0.7377,0.5485,-0.24,1,76.078,-2.124,56.02,66,25.1,0,0.160
86,2.8492,-0.3674,-0.5759,1.0982,0.7915,1.10,1,70.717,-2.397,61.38,66,24.9,0,0.069
87,2.8823,-0.1904,-0.6287,1.0454,0.9258,1.63,1,65.002,-2.549,67.10,64,27.2,0,0.258
88,2.9154,-0.1044,-0.5087,1.1654,1.0633,2.08,1,59.214,-2.373,72.89,63,24.6,0,0.060
89,2.9486,-0.2125,-0.8052,0.8689,1.0137,1.44,1,53.917,-2.180,78.18,60,22.2,0,0.143
90,2.9817,-0.5314,-0.3601,1.3140,1.1751,2.05,1,49.238,-1.572,82.86,52,25.2,0,0.340
91,3.0148,-0.3901,-0.2499,1.4242,1.3246,2.49,1,45.974,-1.390,86.13,47,25.4,0,0.166
92,3.0479,-0.0399,-1.5298,0.1443,0.8388,-0.56,1,27.096,-0.237,105.00,42,19.3,0,0.189
93,3.0811,0.0470,-0.8344,0.8397,0.8290,-0.51,1,21.338,0.041,110.76,43,17.4,0,0.158
94,3.1142,-0.7615,-0.7807,0.8934,0.8486,-0.32,1,12.688,-0.152,119.41,49,14.9,0,0.067
95,3.1473,-0.9283,-0.5455,1.1286,0.9688,0.38,1,2.719,0.207,129.38,57,14.6,0,0.083
96,3.1805,-0.3204,-0.4660,1.2081,1.0835,0.93,1,72.269,0.711,139.83,63,13.9,0,0.227
97,3.2136,-0.3245,-0.0589,1.6152,1.3397,2.14,1,61.777,1.026,150.32,57,12.3,0,0.317
98,3.2467,0.1238,0.4782,2.1523,1.7444,3.93,1,53.016,0.861,159.08,48,16.1,0,0.148
99,3.2798,0.9917,0.2889,1.9630,1.9144,4.15,1,47.010,0.911,165.09,39,17.0,0,0.150
100,3.3130,2.3739,-0.2377,1.4364,1.7748,2.66,1,28.099,2.791,184.00,36,12.5,0,0.304
101,3.3461,2.0711,-0.1896,1.4845,1.6926,1.75,1,21.461,2.570,190.64,43,12.4,0,0.242
102,3.3792,0.1557,0.3197,1.9938,1.8600,2.33,1,12.787,2.023,199.31,53,12.4,0,0.174
103,3.4124,-0.3119,-0.0861,1.5881,1.7801,1.49,1,3.138,2.412,208.96,62,12.2,0,0.219
104,3.4455,0.0942,0.4955,2.1696,1.9825,2.31,1,73.610,2.615,218.49,64,14.1,0,0.196
105,3.4786,-0.0338,-0.1071,1.5670,1.8376,1.12,1,63.907,2.883,228.19,58,13.8,0,0.115
106,3.5118,-0.1184,0.1874,1.8615,1.8688,1.09,1,59.572,3.534,232.53,53,13.9,0,0.068
107,3.5449,-0.6097,0.4411,2.1152,1.9996,1.60,1,52.261,4.365,239.84,43,14.5,0,0.515
108,3.5780,2.5643,-0.7766,0.8975,1.5328,-1.19,3,,4.193,239.84,27,16.6,0,0.284
109,3.6111,3.1781,-1.2545,0.4196,1.0101,-3.78,1,28.801,6.457,263.30,28,12.3,0,0.209
110,3.6443,2.6202,-0.7370,0.9371,0.9083,-3.66,1,23.097,5.964,269.00,38,13.0,0,0.497
111,3.6774,0.4557,-0.4944,1.1797,0.9638,-2.71,1,15.706,4.686,276.39,51,15.5,0,0.110
112,3.7105,-0.7195,-0.2178,1.4563,1.1361,-1.30,1,8.066,4.442,284.03,63,17.1,0,0.307
113,3.7437,-0.7842,-0.6653,1.0088,1.0551,-1.51,1,2.164,4.722,289.94,67,17.5,0,0.051
114,3.7768,-0.6639,-0.4996,1.1745,1.0814,-1.10,1,78.411,4.262,293.69,67,22.8,0,0.174
115,3.8099,-0.7050,-0.5406,1.1335,1.0848,-0.88,1,76.936,4.067,295.16,67,23.2,0,0.051
116,3.8431,-0.7997,-0.6775,0.9966,1.0290,-1.03,1,76.998,4.063,295.10,67,23.2,0,0.058
117,3.8762,-0.7638,-0.5971,1.0770,1.0320,-0.83,1,79.184,3.804,292.92,67,18.9,0,0.293
118,3.9093,-0.7513,0.2183,1.8924,1.4041,1.32,1,2.379,3.149,289.72,66,19.1,0,0.242
119,3.9424,-0.8257,-0.4097,1.2644,1.3652,0.87,1,6.627,3.554,285.47,64,18.3,0,0.112
120,3.9756,-0.1053,-0.2850,1.3891,1.3919,0.86,1,11.546,3.833,280.55,59,18.1,0,0.125
121,4.0087,1.3223,-0.0706,1.6035,1.5028,1.30,1,16.909,4.724,275.19,49,14.0,0,0.196
122,4.0418,3.5415,-0.0886,1.5855,1.5638,1.40,1,22.081,6.937,270.02,41,12.4,0,0.228
123,4.0750,4.5966,-0.2896,1.3845,1.5086,0.85,1,27.154,8.657,264.95,29,12.2,0,0.386
124,4.1081,1.6444,-0.0817,1.5924,1.5619,0.99,3,,7.437,264.95,27,14.8,0,0.279
125,4.1412,-0.5093,0.8613,2.5354,2.0180,3.26,1,50.235,8.088,241.87,38,12.0,0,0.401
126,4.1744,-0.6726,1.9301,3.6042,2.7912,6.83,1,57.044,8.097,235.06,50,14.1,0,0.277
127,4.2075,0.9932,1.2727,2.9468,2.9857,6.66,1,65.865,6.977,226.24,59,13.5,0,0.221
128,4.2406,1.2807,1.3744,3.0485,3.1353,6.28,1,76.022,6.564,216.08,65,14.7,0,0.308
129,4.2737,1.0687,1.6538,3.3279,3.3363,6.24,1,5.751,4.951,206.35,61,18.6,0,0.439
130,4.3069,1.5372,1.0147,2.6888,3.1587,4.18,1,14.475,4.242,197.63,52,14.1,0,0.316
131,4.3400,3.7149,0.7855,2.4597,2.9203,2.16,1,22.512,4.067,189.59,42,13.6,0,0.323
132,4.3731,4.1507,1.8382,3.5123,3.2260,3.41,1,28.314,2.489,183.79,36,14.5,0,0.310
133,4.4063,2.8628,1.4447,3.1188,3.2399,2.88,1,46.279,-0.616,165.82,38,17.8,0,0.201
134,4.4394,2.4213,1.6378,3.3120,3.3248,2.82,1,49.983,-1.752,162.12,44,15.9,0,0.303
135,4.4725,2.5440,1.7684,3.4425,3.4293,2.88,1,55.251,-3.449,156.85,51,16.8,0,0.358
136,4.5056,2.1328,2.3321,4.0062,3.7414,4.05,1,61.675,-3.655,150.42,57,14.6,0,0.352
137,4.5388,1.4577,1.9342,3.6083,3.7552,3.40,1,68.517,-3.749,143.58,63,17.3,0,0.424
138,4.5719,1.4034,1.6583,3.3324,3.6269,2.11,1,75.140,-4.479,136.96,63,16.0,0,0.278
139,4.6050,1.3046,1.4597,3.1338,3.4434,0.75,1,1.419,-4.610,130.68,59,15.8,0,0.110
140,4.6382,1.0355,1.2467,2.9208,3.2219,-0.57,1,7.557,-4.299,124.54,53,19.0,0,0.180
141,4.6713,1.2376,1.2047,2.8788,3.0570,-1.36,1,13.762,-4.186,118.34,48,16.0,0,0.236
142,4.7044,1.6912,1.0905,2.7646,2.9007,-1.95,1,19.763,-4.013,112.34,44,16.0,0,0.285
143,4.7376,2.3303,0.7892,2.4633,2.6683,-2.85,1,24.963,-3.103,107.14,41,17.7,0,0.404
144,4.7707,1.8176,1.2225,2.8966,2.7190,-2.07,2,33.756,-3.358,98.34,45,19.1,0,0.502
145,4.8038,1.1399,0.8116,2.4857,2.5762,-2.47,1,47.012,-3.468,85.09,50,26.5,0,0.502
146,4.8369,1.0941,0.8555,2.5296,2.5102,-2.39,1,52.105,-3.941,80.00,57,22.2,0,0.396
147,4.8701,1.5594,1.1328,2.8070,2.6003,-1.48,1,59.522,-4.131,72.58,64,22.7,0,0.330
148,4.9032,1.3328,1.1307,2.8048,2.6653,-0.87,1,69.180,-4.268,62.92,65,22.3,0,0.320
149,4.9363,1.0019,0.8148,2.4889,2.5701,-1.22,1,79.492,-4.187,52.61,63,18.9,0,0.426
150,4.9695,0.2554,0.7259,2.4000,2.4713,-1.54,1,10.169,-4.323,41.93,56,20.8,0,0.269
151,5.0026,0.5636,0.7923,2.4664,2.4411,-1.43,1,20.060,-4.648,32.04,48,17.6,0,0.318
152,5.0357,1.6603,1.4097,3.0838,2.7044,0.24,1,27.727,-3.950,24.37,42,20.0,0,0.453
153,5.0689,0.9398,0.4778,2.1519,2.4601,-1.11,1,46.276,-5.154,5.82,40,20.5,0,0.345
154,5.1020,0.9288,0.2787,1.9529,2.2116,-2.25,1,52.461,-5.397,-0.36,49,19.5,0,0.444
155,5.1351,0.5147,0.0586,1.7327,1.9551,-3.23,1,61.522,-5.226,-9.42,58,20.0,0,0.191
156,5.1682,-0.1183,-0.2192,1.4549,1.6712,-4.17,1,72.712,-5.945,-20.61,65,20.9,0,0.241
157,5.2014,0.0407,-0.0721,1.6020,1.5640,-4.01,1,78.548,-6.253,-26.45,66,21.0,0,0.096
158,5.2345,-0.5780,-0.0928,1.5813,1.4988,-3.65,1,15.349,-5.709,-43.25,57,24.6,0,0.356
159,5.2676,-0.2618,-0.0871,1.5871,1.4721,-3.14,1,20.332,-5.358,-48.23,52,22.3,0,0.451
160,5.3008,-0.1706,5.7683,7.4424,4.1015,11.53,1,30.429,-3.983,-58.33,51,19.9,0,0.273
161,5.3339,-0.6102,-0.0412,1.6330,3.2007,4.64,1,46.918,-3.136,-74.82,50,33.3,0,0.190
162,5.3670,-0.4141,-0.2167,1.4574,2.5008,0.06,1,53.515,-2.238,-81.41,61,26.9,0,0.249
163,5.4002,-0.4767,-0.1935,1.4806,2.0429,-2.41,1,62.875,-0.969,-90.77,64,20.5,0,0.300
164,5.4333,0.0297,-0.1514,1.5227,1.7650,-3.47,1,73.671,-0.795,-101.57,67,22.4,0,0.292
165,5.4664,-0.4197,-0.1123,1.5618,1.6103,-3.68,1,4.327,-0.514,-112.23,65,21.6,0,0.428
166,5.4995,-0.7913,-0.3941,1.2800,1.3946,-4.19,1,14.781,0.213,-122.68,55,22.7,0,0.301
167,5.5327,0.7793,0.1997,1.8738,1.5340,-2.69,1,23.312,-0.068,-131.21,43,17.3,0,0.320
168,5.5658,1.3066,0.3002,1.9743,1.6830,-1.41,1,29.207,-0.345,-137.11,32,19.1,0,0.370
169,5.5989,1.1784,0.7517,2.4259,1.9915,0.49,1,46.001,-1.543,-153.90,33,20.2,0,0.336
170,5.6321,1.4370,0.8699,2.5440,2.2491,1.79,1,48.715,-2.112,-156.61,40,28.1,0,0.125
171,5.6652,1.4989,0.9069,2.5810,2.4310,2.45,1,50.304,-2.201,-158.20,46,25.7,0,0.270
172,5.6983,1.2285,1.0452,2.7194,2.6053,2.95,1,50.441,-1.959,-158.34,47,27.2,0,0.340
173,5.7315,1.4278,0.9116,2.5857,2.6502,2.66,1,50.223,-2.050,-158.12,46,22.5,0,0.371
174,5.7646,1.2285,0.9812,2.6553,2.7010,2.46,1,49.328,-1.864,-157.23,43,26.2,0,0.320
175,5.7977,1.6565,1.0835,2.7577,2.7714,2.40,1,48.375,-1.851,-156.27,38,24.2,0,0.351
176,5.8308,1.3151,1.3214,2.9955,2.9160,2.75,1,46.678,-1.380,-154.58,34,25.5,0,0.451
177,5.8640,1.5404,0.8852,2.5593,2.8056,1.67,3,,-0.632,-154.58,32,24.0,0,0.316
178,5.8971,1.6910,0.7927,2.4668,2.6836,0.72,1,29.027,0.085,-136.93,32,21.6,0,0.345
179,5.9302,1.4312,0.7349,2.4090,2.5731,-0.00,1,24.204,-0.052,-132.10,41,16.4,0,0.344
180,5.9634,0.4095,0.9370,2.6111,2.5902,0.09,1,16.792,0.683,-124.69,54,20.8,0,0.171
181,5.9965,0.2984,0.8937,2.5678,2.5817,0.03,1,6.594,2.311,-114.49,63,22.0,0,0.170
182,6.0296,0.8991,0.9089,2.5830,2.5828,0.03,1,74.944,3.503,-102.84,66,21.0,0,0.689
183,6.0627,0.5419,0.7420,2.4161,2.5083,-0.38,1,62.854,4.770,-90.75,63,20.4,0,0.455
184,6.0959,0.2811,1.5568,3.2309,2.8267,1.40,1,52.650,6.248,-80.55,59,26.3,0,0.322
185,6.1290,0.8809,1.4302,3.1043,2.9771,1.96,1,46.216,5.543,-74.12,49,24.2,0,0.419
186,6.1621,0.9235,0.6114,2.2855,2.7015,0.13,1,26.335,4.780,-54.24,48,19.6,0,0.406
187,6.1953,0.9400,0.8451,2.5192,2.6219,-0.32,1,17.830,4.469,-45.73,54,23.3,0,0.528
188,6.2284,0.5811,0.9268,2.6009,2.6066,-0.34,1,7.121,3.056,-35.02,64,22.0,0,0.257
189,6.2615,0.5935,1.0123,2.6864,2.6362,-0.12,1,75.923,1.928,-23.82,66,22.7,0,0.279
190,6.2947,0.4661,0.7187,2.3928,2.5244,-0.70,1,64.578,1.007,-12.48,58,19.5,0,0.282
191,6.3278,1.1047,0.6602,2.3343,2.4261,-1.11,1,54.768,-0.784,-2.67,52,20.9,0,0.126
192,6.3609,1.1310,0.5814,2.2555,2.3292,-1.43,1,48.022,-1.779,4.08,43,21.2,0,0.382
193,6.3940,1.4500,0.4405,2.1146,2.2066,-1.83,2,33.310,-1.852,18.79,41,18.9,0,0.329
194,6.4272,0.8948,0.2964,1.9705,2.0670,-2.26,1,22.531,-2.158,29.57,46,19.1,0,0.346
195,6.4603,0.0618,0.1071,1.7812,1.8973,-2.77,1,13.073,-2.733,39.03,54,19.0,0,0.169
196,6.4934,-0.1011,0.0725,1.7466,1.7791,-2.91,1,1.670,-2.646,50.43,62,20.8,0,0.147
197,6.5266,0.1520,0.3300,2.0041,1.8274,-2.13,1,69.896,-2.680,62.20,65,21.7,0,0.212
198,6.5597,0.2972,0.3097,1.9838,1.8589,-1.58,1,58.290,-2.526,73.81,63,18.3,0,0.080
199,6.5928,-0.3660,-0.3463,1.3278,1.5911,-2.74,1,49.248,-2.366,82.85,53,21.9,0,0.493
200,6.6260,0.3320,-0.3631,1.3110,1.4151,-3.20,2,33.756,-2.213,98.34,45,18.0,0,0.313
201,6.6591,0.0848,-0.2155,1.4586,1.3764,-2.84,1,20.986,-2.133,111.11,43,15.4,0,0.142
202,6.6922,-0.7747,-0.6376,1.0365,1.1718,-3.43,1,8.888,-2.721,123.21,52,14.4,0,0.207
203,6.7253,-0.8327,-0.7081,0.9661,1.0167,-3.65,1,75.767,-2.852,136.33,62,12.1,0,0.376
204,6.7585,-0.2399,-0.4263,1.2478,1.0542,-2.80,1,62.595,-3.090,149.51,57,12.3,0,0.109
205,6.7916,0.2544,-0.1909,1.4832,1.1962,-1.54,1,56.685,-3.499,155.42,53,14.2,0,0.208
206,6.8247,0.8616,-0.6567,1.0174,1.0876,-1.85,2,36.878,-2.375,175.22,37,15.8,0,0.190
207,6.8579,0.7070,-1.1060,0.5681,0.8201,-2.96,1,23.044,-1.885,189.06,42,12.4,0,0.255
208,6.8910,-0.4161,-0.3570,1.3171,0.9899,-1.52,1,11.202,-3.224,200.90,53,10.8,0,0.240
209,6.9241,-0.0301,0.0524,1.7265,1.2937,0.38,1,78.065,-3.402,214.04,61,11.4,0,0.277
210,6.9573,0.4575,0.0230,1.6972,1.4822,1.32,1,71.351,-3.592,220.75,61,10.5,0,0.682
211,6.9904,1.6174,0.9602,2.6343,2.0248,4.00,1,58.782,-4.284,233.32,51,11.9,0,0.272
212,7.0235,3.3366,0.7318,2.4059,2.2692,4.60,1,49.765,-5.023,242.34,35,12.0,0,0.367
213,7.0566,5.1853,0.2041,1.8782,2.1771,3.29,1,30.211,0.598,261.89,27,13.5,0,0.369
214,7.0898,2.5911,0.6409,2.3150,2.2990,3.36,1,23.231,-0.176,268.87,40,13.4,0,0.266
215,7.1229,0.6523,0.2063,1.8805,2.1719,2.08,1,13.762,-0.669,278.34,53,12.7,0,0.099
216,7.1560,0.6002,0.4229,2.0970,2.1761,1.73,1,2.850,-1.126,289.25,61,16.6,0,0.516
217,7.1892,0.3371,0.6688,2.3429,2.2827,2.00,1,72.024,-1.120,300.08,64,15.8,0,0.154
218,7.2223,0.2776,1.2604,2.9345,2.6124,3.41,1,61.294,-0.974,310.81,56,15.7,0,0.132
219,7.2554,0.2140,0.5573,2.2314,2.5031,2.22,1,52.685,-1.039,319.42,48,16.0,0,0.153
220,7.2886,0.6348,0.4135,2.0876,2.3565,1.04,1,47.015,-1.347,325.09,41,20.0,0,0.271
221,7.3217,1.2458,0.4455,2.1196,2.2688,0.38,2,32.418,-1.704,339.68,38,13.5,0,0.123
222,7.3548,0.3618,0.2136,1.8877,2.1043,-0.57,1,22.817,-2.657,349.28,40,14.8,0,0.277
223,7.3879,-0.0697,0.1778,1.8519,1.9804,-1.13,1,16.232,-3.460,355.87,45,14.9,0,0.296
224,7.4211,-0.1007,0.2083,1.8824,1.9156,-1.28,1,9.967,-4.470,362.13,48,15.6,0,0.150
225,7.4542,0.2297,0.6030,2.2771,2.0550,-0.30,1,4.570,-5.590,367.53,50,16.5,0,0.129
226,7.4873,0.4336,0.3309,2.0050,2.0270,-0.40,1,0.438,-6.389,371.66,53,17.7,0,0.395
227,7.5205,0.5371,0.3766,2.0507,2.0304,-0.31,1,77.305,-6.701,374.79,54,17.0,0,0.304
228,7.5536,0.6325,0.4061,2.0802,2.0471,-0.17,1,74.971,-6.900,377.13,54,16.9,0,0.318
229,7.5867,0.6880,0.5381,2.2122,2.1184,0.25,1,72.965,-7.025,379.14,54,19.8,0,0.432
230,7.6198,0.8964,0.5382,2.2123,2.1652,0.45,1,71.047,-7.101,381.05,54,16.7,0,0.330
231,7.6530,0.6361,0.3267,2.0008,2.0995,0.02,1,69.262,-6.807,382.84,54,16.7,0,0.292
232,7.6861,0.7357,0.3884,2.0625,2.0832,-0.07,1,67.549,-6.832,384.55,54,15.8,0,0.107
233,7.7192,0.7305,0.3878,2.0619,2.0723,-0.12,1,66.116,-6.852,385.98,54,19.5,0,0.233
234,7.7524,0.8177,0.3902,2.0643,2.0666,-0.13,1,65.036,-6.751,387.06,53,17.2,0,0.573
235,7.7855,0.8480,0.8378,2.5119,2.2647,0.96,1,64.560,-6.433,387.54,53,17.3,0,0.212
236,7.8186,0.9209,0.5525,2.2266,2.2650,0.79,1,64.347,-6.720,387.75,53,17.3,0,0.484
237,7.8518,0.9063,0.4658,2.1399,2.2231,0.43,1,64.354,-6.729,387.75,53,18.1,0,0.363
238,7.8849,0.9110,0.5177,2.1918,2.2168,0.32,1,64.271,-6.716,387.83,53,15.6,0,0.470
239,7.9180,0.9255,0.5237,2.1978,2.2140,0.24,1,64.096,-6.687,388.00,53,16.7,0,0.410
240,7.9511,1.0127,0.7135,2.3876,2.2966,0.64,1,63.960,-6.398,388.14,53,16.5,0,0.232
241,7.9843,0.9290,0.6043,2.2784,2.3001,0.55,1,63.254,-6.287,388.85,53,18.0,0,0.347
242,8.0174,0.7174,0.4674,2.1416,2.2388,0.12,1,62.456,-5.779,389.64,53,15.5,0,0.233
243,8.0505,0.7148,0.3911,2.0652,2.1629,-0.31,1,61.274,-5.216,390.83,53,15.8,0,0.131
244,8.0837,0.7247,0.1878,1.8619,2.0219,-1.01,1,60.088,-4.693,392.01,52,16.1,0,0.513
245,8.1168,0.6711,0.1840,1.8581,1.9298,-1.32,1,58.862,-4.214,393.24,52,19.0,0,0.383
246,8.1499,0.8792,0.2347,1.9089,1.8962,-1.27,1,57.820,-3.837,394.28,51,16.8,0,0.284
247,8.1831,0.6198,0.0373,1.7114,1.7900,-1.61,1,56.864,-3.451,395.24,50,18.9,0,0.270
248,8.2162,0.6268,-0.0340,1.6401,1.6931,-1.85,1,56.075,-3.387,396.03,49,17.6,0,0.355
249,8.2493,0.5981,0.0886,1.7627,1.6908,-1.53,1,55.756,-3.159,396.34,49,21.0,0,0.558
250,8.2824,0.5931,0.0808,1.7549,1.6917,-1.25,1,55.774,-3.155,396.33,49,20.4,0,0.564
251,8.3156,0.5712,0.2237,1.8978,1.7616,-0.66,1,55.839,-3.137,396.26,49,20.0,0,0.530
252,8.3487,0.7959,0.1685,1.8426,1.7861,-0.41,1,55.969,-3.290,396.13,49,18.5,0,0.246
253,8.3818,0.9079,0.4591,2.1332,1.9349,0.46,1,56.592,-3.324,395.51,50,18.3,0,0.260
254,8.4150,0.8019,0.4624,2.1365,2.0340,0.91,1,57.613,-3.034,394.49,51,21.5,0,0.160
255,8.4481,0.7594,0.3682,2.0423,2.0544,0.86,1,59.032,-2.874,393.07,52,17.2,0,0.120
256,8.4812,0.8249,0.6034,2.2775,2.1705,1.33,1,60.438,-2.874,391.66,52,15.2,0,0.231
257,8.5144,0.8256,0.8094,2.4835,2.3355,1.98,1,61.278,-2.588,390.82,52,18.4,0,0.269
258,8.5475,0.8114,0.7161,2.3902,2.3962,1.95,1,64.192,-2.157,387.91,53,18.0,0,0.302
259,8.5806,0.9125,0.8127,2.4868,2.4726,2.02,1,65.070,-2.197,387.03,53,18.5,0,0.380
260,8.6137,1.0596,0.8631,2.5372,2.5384,2.01,1,67.045,-2.124,385.06,54,16.3,0,0.294
261,8.6469,1.1426,1.0128,2.6869,2.6419,2.21,1,68.921,-1.640,383.18,54,18.8,0,0.174
262,8.6800,1.4195,1.0147,2.6888,2.7032,2.14,1,70.328,-1.476,381.77,54,16.8,0,0.355
263,8.7131,1.1397,1.0475,2.7216,2.7506,2.02,1,71.667,-1.166,380.43,54,21.7,0,0.259
264,8.7463,1.0692,1.0976,2.7717,2.7969,1.91,1,72.940,-0.878,379.16,54,18.3,0,0.417
265,8.7794,1.1196,1.0395,2.7136,2.7941,1.55,1,73.796,-0.670,378.30,54,18.8,0,0.445
266,8.8125,0.9314,1.1877,2.8618,2.8529,1.59,1,74.412,-0.516,377.69,54,17.4,0,0.253
267,8.8457,1.0066,0.9657,2.6398,2.7860,0.95,1,75.044,-0.304,377.06,54,22.0,0,0.149
268,8.8788,1.0105,1.0031,2.6772,2.7544,0.61,1,75.471,-0.239,376.63,54,20.5,0,0.317
269,8.9119,0.8711,1.0255,2.6996,2.7409,0.43,1,75.679,-0.188,376.42,54,20.7,0,0.187
270,8.9450,0.8695,1.0372,2.7113,2.7354,0.32,1,75.840,-0.189,376.26,54,20.5,0,0.178
271,8.9782,0.9534,1.1309,2.8050,2.7727,0.47,1,75.902,-0.176,376.20,54,23.3,0,0.266
272,9.0113,1.0532,0.9534,2.6275,2.7159,0.08,1,76.070,-0.155,376.03,54,18.7,0,0.226
273,9.0444,0.9954,1.0338,2.7079,2.7137,0.05,1,76.221,-0.147,375.88,54,21.0,0,0.357
274,9.0776,1.0058,1.0171,2.6912,2.7046,-0.01,1,76.297,-0.149,375.80,54,20.3,0,0.299
275,9.1107,1.0577,1.0853,2.7594,2.7292,0.13,1,76.390,-0.155,375.71,54,22.9,0,0.289
276,9.1438,1.0536,0.9974,2.6715,2.7056,-0.02,1,76.457,-0.146,375.64,54,19.9,0,0.216
277,9.1769,0.9401,1.1887,2.8628,2.7759,0.36,1,76.746,-0.166,375.35,54,21.3,0,0.288
278,9.2101,1.0091,1.0831,2.7572,2.7740,0.29,1,77.284,-0.155,374.82,54,21.5,0,0.234
279,9.2432,0.9947,1.1673,2.8414,2.8096,0.43,1,77.713,-0.154,374.39,54,23.2,0,0.340
280,9.2763,1.0609,1.0882,2.7623,2.7960,0.28,1,77.919,-0.156,374.18,54,20.8,0,0.152
281,9.3095,1.1671,1.0890,2.7631,2.7863,0.18,1,77.942,-0.156,374.16,54,21.4,0,0.236
282,9.3426,1.0983,1.0738,2.7479,2.7722,0.07,1,77.950,-0.155,374.15,54,21.5,0,0.180
283,9.3757,1.1519,1.1089,2.7831,2.7784,0.09,1,77.996,-0.159,374.10,54,23.0,0,0.217
284,9.4089,1.0396,1.1304,2.8046,2.7918,0.15,1,78.175,-0.157,373.93,54,18.5,0,0.164
285,9.4420,0.9086,1.1737,2.8478,2.8196,0.27,1,78.355,-0.173,373.75,54,20.2,0,0.324
286,9.4751,1.0299,1.1356,2.8097,2.8201,0.22,1,78.472,-0.159,373.63,54,19.0,0,0.202
287,9.5082,1.0613,1.1744,2.8485,2.8369,0.27,1,78.633,-0.159,373.47,53,21.2,0,0.216
288,9.5414,1.0645,1.1719,2.8460,2.8460,0.27,1,78.810,-0.166,373.29,54,17.5,0,0.205
289,9.5745,1.1743,1.1636,2.8377,2.8473,0.23,1,78.965,-0.189,373.13,53,20.5,0,0.242
290,9.6076,1.1718,1.1635,2.8376,2.8472,0.19,1,78.995,-0.194,373.11,54,20.5,0,0.236
291,9.6408,1.1373,1.1973,2.8714,2.8616,0.23,1,79.034,-0.197,373.07,53,21.6,0,0.192
292,9.6739,1.1145,1.2002,2.8743,2.8715,0.25,1,79.042,-0.201,373.06,53,21.2,0,0.218
293,9.7070,1.1187,1.1976,2.8717,2.8761,0.23,1,79.049,-0.197,373.05,53,21.1,0,0.192
294,9.7402,1.1044,1.1922,2.8663,2.8758,0.18,1,79.042,-0.201,373.06,53,21.1,0,0.218
295,9.7733,1.0931,1.2136,2.8877,2.8845,0.20,1,79.042,-0.187,373.06,53,21.4,0,0.169
296,9.8064,1.0775,1.1981,2.8722,2.8826,0.15,1,79.042,-0.193,373.06,53,21.2,0,0.194
297,9.8395,1.0839,1.2158,2.8899,2.8887,0.16,1,79.042,-0.193,373.06,53,21.1,0,0.194
298,9.8727,1.0861,1.2181,2.8922,2.8931,0.15,1,79.042,-0.193,373.06,53,21.1,0,0.194
299,9.9058,1.1105,1.1926,2.8667,2.8840,0.08,1,79.046,-0.200,373.05,53,21.2,0,0.210
300,9.9389,1.1852,1.2197,2.8939,2.8899,0.10,1,79.053,-0.188,373.05,53,20.9,0,0.211
301,9.9721,1.0323,1.2034,2.8775,2.8861,0.06,1,79.413,-0.179,372.69,53,22.1,0,0.224
302,10.0052,0.8522,1.2631,2.9372,2.9101,0.18,1,0.271,-0.128,371.83,53,19.6,0,0.196
303,10.0383,0.6811,0.9086,2.5827,2.7660,-0.63,1,1.738,0.096,370.36,53,21.1,0,0.116
304,10.0715,0.7264,0.9752,2.6493,2.7021,-0.86,1,2.609,0.162,369.49,52,16.5,0,0.333
305,10.1046,0.3619,0.6764,2.3505,2.5282,-1.64,1,4.949,0.374,367.15,51,19.3,0,0.461
306,10.1377,0.1872,0.8381,2.5122,2.4911,-1.55,1,9.872,0.689,362.23,48,17.8,0,0.271
307,10.1708,0.7536,0.8766,2.5507,2.4897,-1.28,1,13.677,0.807,358.42,47,20.7,0,0.297
308,10.2040,1.2462,0.9456,2.6197,2.5249,-0.86,1,15.841,1.051,356.26,45,17.1,0,0.236
309,10.2371,2.0191,1.2193,2.8934,2.6750,0.10,1,20.218,1.382,351.88,42,17.2,0,0.290
310,10.2702,2.3483,1.3296,3.0037,2.8246,0.88,1,24.227,1.679,347.87,38,15.1,0,0.287
311,10.3034,2.3942,6.8882,8.5623,5.4227,14.67,1,30.875,1.695,341.23,38,16.9,0,0.364
312,10.3365,2.4476,1.9262,3.6003,4.8698,9.09,1,46.501,1.810,325.60,40,21.6,0,0.321
313,10.3696,2.1504,2.1769,3.8510,4.5771,5.90,1,48.063,1.887,324.04,42,20.0,0,0.279
314,10.4027,1.5974,2.1357,3.8098,4.3394,3.58,1,52.242,2.223,319.86,47,16.5,0,0.148
315,10.4359,1.3601,2.3763,4.0504,4.2746,2.60,1,57.961,2.250,314.14,54,16.4,0,0.350
316,10.4690,3.9988,5.1288,6.8029,5.4596,8.49,1,61.651,-0.535,310.45,57,14.9,0,0.259
317,10.5021,3.4833,4.2075,5.8816,5.8043,8.83,1,71.304,-1.602,300.80,64,11.4,0,0.483
318,10.5353,3.3327,3.5645,5.2386,5.7107,6.76,1,77.783,-0.976,294.32,66,16.1,0,0.262
319,10.5684,3.8630,3.8954,5.5695,5.7703,5.88,1,2.721,-2.208,289.38,62,21.7,0,0.390
320,10.6015,3.6883,3.8501,5.5242,5.7667,4.81,1,5.546,-1.772,286.55,60,19.4,0,0.287
321,10.6347,3.7565,3.5592,5.2333,5.6144,3.14,1,8.101,-0.839,284.00,61,16.9,0,0.178
322,10.6678,3.9316,3.7909,5.4650,5.6044,2.53,1,11.957,-0.207,280.14,58,19.7,0,0.243
323,10.7009,4.4322,3.5268,5.2009,5.4689,1.35,1,17.007,0.943,275.09,49,17.9,0,0.286
324,10.7340,5.8742,2.8852,4.5593,5.0842,-0.95,1,22.442,2.804,269.66,41,14.1,0,0.228
325,10.7672,7.5357,2.0654,3.7395,4.4617,-4.12,1,27.534,3.936,264.57,30,13.8,0,0.240
326,10.8003,6.8169,2.8445,4.5186,4.4122,-3.66,3,,0.363,264.57,28,15.8,0,0.265
327,10.8334,3.0756,2.9702,4.6443,4.4500,-2.80,1,50.679,-0.832,241.42,37,15.2,0,0.172
328,10.8666,2.8295,2.9466,4.6207,4.4757,-2.17,1,58.659,-1.006,233.44,52,14.5,0,0.290
329,10.8997,2.4302,2.1623,3.8364,4.1486,-3.54,1,68.907,-1.817,223.19,60,13.8,0,0.435
330,10.9328,1.9416,1.7955,3.4696,3.7786,-4.89,1,0.389,-1.736,211.71,62,13.4,0,0.406
