t_s,wall_time,frame,tier,theta_deg,x_mm,y_mm,n_c,n_r,mad_h,mad_v,fps
0.0087,1789129893.177,290261,junction,0.68,14.039,-5.115,47,22,0.438,0.313,64.2
0.0237,1789129893.192,290262,junction,0.766,14.151,-5.115,46,22,0.438,0.313,64.5
0.0385,1789129893.207,290263,junction,0.669,14.244,-5.07,46,22,0.438,0.188,64.4
0.0533,1789129893.221,290264,junction,0.764,14.338,-5.043,45,22,0.438,0.188,64.7
0.0710,1789129893.239,290265,junction,0.834,14.425,-5.025,46,23,0.438,0.188,65.0
0.0850,1789129893.253,290266,junction,1.051,14.542,-4.995,46,23,0.438,0.313,64.8
0.0993,1789129893.267,290267,junction,1.171,14.66,-4.979,46,22,0.438,0.313,65.0
0.1154,1789129893.284,290268,junction,1.194,14.71,-4.959,46,23,0.438,0.313,65.2
0.1299,1789129893.298,290269,junction,1.178,14.741,-4.948,45,23,0.438,0.313,65.0
0.1450,1789129893.313,290270,junction,1.191,14.759,-4.936,45,23,0.438,0.313,65.2
0.1674,1789129893.336,290271,junction,1.225,14.759,-4.935,45,23,0.313,0.313,65.6
0.1764,1789129893.345,290272,junction,1.191,14.744,-4.929,45,22,0.438,0.313,65.1
0.1909,1789129893.359,290273,junction,1.185,14.714,-4.924,46,23,0.438,0.313,65.2
0.2078,1789129893.376,290274,junction,1.161,14.675,-4.928,46,22,0.438,0.313,65.2
0.2274,1789129893.396,290275,junction,1.079,14.607,-4.939,47,22,0.438,0.313,65.0
0.2378,1789129893.406,290276,junction,0.997,14.515,-4.957,47,22,0.563,0.313,65.1
0.2543,1789129893.423,290277,junction,0.958,14.461,-4.963,47,22,0.563,0.313,65.2
0.2699,1789129893.438,290278,junction,0.901,14.411,-4.954,46,22,0.438,0.188,64.7
0.2890,1789129893.457,290279,junction,0.839,14.403,-4.968,45,22,0.438,0.188,64.7
0.3167,1789129893.485,290280,y,1.569,,-5.251,111,62,0.438,9.063,62.1
0.3321,1789129893.500,290281,junction,1.058,14.709,-4.978,46,24,0.438,0.188,59.1
0.3486,1789129893.517,290282,junction,0.997,14.541,-4.996,46,23,0.438,0.313,59.6
0.3640,1789129893.532,290283,junction,1.006,14.576,-5.008,47,23,0.438,0.313,60.4
0.3792,1789129893.547,290284,junction,1.19,14.673,-5.019,46,23,0.438,0.313,60.9
0.3901,1789129893.558,290285,junction,1.176,14.774,-5.067,45,24,0.438,0.313,61.5
0.4169,1789129893.585,290286,junction,1.174,14.855,-5.113,45,24,0.438,0.438,62.1
0.4218,1789129893.590,290287,junction,1.093,14.961,-5.158,46,24,0.438,0.313,62.1
0.4391,1789129893.607,290288,junction,1.204,15.055,-5.178,46,24,0.438,0.313,62.5
0.4516,1789129893.620,290289,junction,1.205,15.109,-5.22,46,24,0.563,0.313,63.0
0.4666,1789129893.635,290290,junction,1.307,15.181,-5.252,45,24,0.438,0.313,63.1
0.4810,1789129893.649,290291,junction,1.245,15.238,-5.272,45,23,0.438,0.313,63.9
0.5055,1789129893.674,290292,junction,1.448,15.304,-5.289,45,23,0.438,0.313,64.1
0.5114,1789129893.680,290293,junction,1.421,15.32,-5.3,45,23,0.438,0.313,64.2
0.5265,1789129893.695,290294,junction,1.466,15.339,-5.309,45,23,0.438,0.313,64.4
0.5417,1789129893.710,290295,junction,1.344,15.307,-5.346,46,23,0.563,0.313,64.6
0.5629,1789129893.731,290296,junction,1.199,15.261,-5.378,46,23,0.438,0.188,64.5
0.5718,1789129893.740,290297,junction,1.289,15.188,-5.4,46,23,0.438,0.313,65.2
0.5925,1789129893.761,290298,junction,1.219,15.098,-5.409,46,23,0.438,0.313,65.1
0.6022,1789129893.770,290299,junction,1.187,15.035,-5.432,46,23,0.438,0.313,64.7
0.6178,1789129893.786,290300,junction,1.108,14.951,-5.466,45,23,0.563,0.313,64.9
0.6342,1789129893.802,290301,junction,1.125,14.812,-5.499,45,23,0.438,0.313,65.2
0.6486,1789129893.817,290302,junction,1.05,14.704,-5.535,46,23,0.438,0.313,64.8
0.6639,1789129893.832,290303,junction,0.897,14.528,-5.585,47,23,0.438,0.313,64.9
0.6807,1789129893.849,290304,junction,0.649,14.307,-5.574,44,23,0.563,0.313,65.3
0.6960,1789129893.864,290305,junction,0.64,14.086,-5.553,44,23,0.438,0.313,64.8
0.7107,1789129893.879,290306,junction,0.549,13.901,-5.526,43,24,0.438,0.313,64.9
0.7260,1789129893.894,290307,junction,0.521,13.673,-5.533,44,24,0.438,0.313,65.0
0.7421,1789129893.910,290308,junction,0.507,13.495,-5.516,45,24,0.438,0.313,64.6
0.7573,1789129893.925,290309,junction,0.35,13.339,-5.508,46,24,0.438,0.313,64.8
0.7877,1789129893.956,290310,y,0.769,,-5.592,113,66,0.313,31.938,62.3
0.8039,1789129893.972,290311,y,0.84,,-5.607,45,27,0.438,31.938,59.3
0.8188,1789129893.987,290312,y,0.75,,-5.6,46,28,0.438,31.938,59.8
0.8341,1789129894.002,290313,y,0.759,,-5.567,45,26,0.438,31.938,60.3
0.8498,1789129894.018,290314,y,0.731,,-5.587,45,26,0.438,31.938,60.4
0.8656,1789129894.034,290315,y,0.75,,-5.603,45,27,0.438,31.938,61.1
0.8817,1789129894.050,290316,y,0.85,,-5.663,45,28,0.438,31.938,61.5
0.8999,1789129894.068,290317,y,0.885,,-5.736,44,28,0.438,31.938,61.3
0.9130,1789129894.081,290318,y,0.904,,-5.793,45,27,0.313,31.938,61.6
0.9294,1789129894.098,290319,y,0.927,,-5.842,44,27,0.313,31.938,61.8
0.9454,1789129894.114,290320,y,0.865,,-5.881,44,26,0.438,31.938,61.7
0.9606,1789129894.129,290321,y,0.957,,-5.94,44,26,0.438,31.938,62.0
0.9766,1789129894.145,290322,y,1.056,,-5.996,44,25,0.313,31.938,62.2
0.9923,1789129894.160,290323,y,1.124,,-6.073,44,26,0.313,31.938,62.3
1.0072,1789129894.175,290324,y,1.194,,-6.111,44,26,0.438,31.063,62.3
1.0242,1789129894.192,290325,y,1.232,,-6.176,45,26,0.438,31.938,62.4
1.0400,1789129894.208,290326,y,1.256,,-6.268,46,27,0.438,31.938,62.4
1.0558,1789129894.224,290327,y,1.506,,-6.301,46,28,0.563,31.938,62.4
1.0755,1789129894.244,290328,y,1.56,,-6.32,47,28,0.438,31.938,62.5
1.0891,1789129894.257,290329,y,1.425,,-6.348,46,28,0.438,31.938,62.2
1.1051,1789129894.273,290330,y,1.516,,-6.396,45,28,0.438,31.938,62.3
1.1235,1789129894.292,290331,y,1.601,,-6.417,44,28,0.438,31.938,62.2
1.1373,1789129894.305,290332,y,1.527,,-6.469,44,28,0.563,31.938,61.8
1.1537,1789129894.322,290333,y,1.458,,-6.476,44,28,0.563,31.938,62.1
1.1706,1789129894.339,290334,y,1.502,,-6.494,45,28,0.563,31.938,62.0
1.1903,1789129894.359,290335,y,1.513,,-6.481,44,28,0.563,31.938,61.7
1.2022,1789129894.370,290336,y,1.49,,-6.458,44,28,0.563,31.938,61.7
1.2209,1789129894.389,290337,y,1.47,,-6.469,44,28,0.438,31.938,61.7
1.2381,1789129894.406,290338,y,1.459,,-6.432,44,27,0.563,31.938,61.4
1.2522,1789129894.420,290339,y,1.405,,-6.465,44,28,0.313,31.938,61.5
1.2831,1789129894.451,290340,y,1.506,,-6.5,113,68,0.438,31.938,59.1
1.2985,1789129894.467,290341,y,1.203,,-6.579,45,28,0.313,31.938,56.4
1.3139,1789129894.482,290342,y,1.169,,-6.66,46,27,0.438,31.938,57.2
1.3303,1789129894.499,290343,y,1.03,,-6.741,43,27,0.438,31.938,57.9
1.3457,1789129894.514,290344,y,0.819,,-6.774,46,27,0.313,31.938,58.6
1.3609,1789129894.529,290345,y,0.814,,-6.919,46,26,0.438,31.938,59.0
1.3777,1789129894.546,290346,y,0.671,,-7.012,44,27,0.438,31.938,59.5
1.3935,1789129894.562,290347,y,0.649,,-7.14,45,27,0.438,31.938,59.7
1.4090,1789129894.577,290348,y,0.692,,-7.247,46,27,0.438,31.938,60.0
1.4247,1789129894.593,290349,y,0.657,,-7.306,46,27,0.438,31.938,60.4
1.4425,1789129894.611,290350,y,0.648,,-7.378,45,28,0.438,31.938,59.8
1.4577,1789129894.626,290351,y,0.643,,-7.415,45,27,0.438,31.938,60.3
1.4787,1789129894.647,290352,y,0.638,,-7.456,45,27,0.438,31.938,60.6
1.4902,1789129894.658,290353,y,0.636,,-7.461,46,27,0.563,31.938,60.8
1.5056,1789129894.674,290354,y,0.757,,-7.48,45,27,0.438,31.938,60.9
1.5223,1789129894.691,290355,y,0.849,,-7.454,45,26,0.563,31.938,61.1
1.5411,1789129894.709,290356,y,0.886,,-7.311,45,25,0.563,31.938,61.3
1.5543,1789129894.723,290357,y,0.84,,-7.202,44,25,0.563,31.938,61.3
1.5706,1789129894.739,290358,y,0.715,,-7.056,44,25,0.688,31.938,61.4
1.5866,1789129894.755,290359,y,0.975,,-7.091,44,25,0.438,31.938,61.5
1.6017,1789129894.770,290360,y,1.016,,-7.045,44,25,0.438,31.938,61.5
1.6197,1789129894.788,290361,y,0.943,,-7.013,44,26,0.438,31.938,61.6
1.6354,1789129894.804,290362,y,1.051,,-7.006,44,26,0.438,31.938,61.6
1.6515,1789129894.820,290363,y,0.957,,-6.959,44,26,0.563,31.938,61.6
1.6687,1789129894.837,290364,y,0.971,,-6.922,45,26,0.688,31.938,61.6
1.6843,1789129894.852,290365,y,0.981,,-6.903,46,27,0.688,31.938,61.1
1.7009,1789129894.869,290366,y,0.97,,-6.898,46,26,0.813,31.938,61.2
1.7199,1789129894.888,290367,y,1.095,,-7.015,46,26,0.563,31.938,61.4
1.7337,1789129894.902,290368,y,1.029,,-7.105,45,25,0.438,31.938,61.0
1.7501,1789129894.918,290369,y,0.975,,-7.116,45,26,0.438,31.938,61.4
1.7809,1789129894.949,290370,y,0.939,,-7.19,110,61,0.438,31.938,59.0
1.7967,1789129894.965,290371,y,0.808,,-7.405,44,23,0.438,31.938,56.2
1.8125,1789129894.981,290372,y,0.714,,-7.497,44,24,0.438,31.938,57.2
1.8284,1789129894.997,290373,y,0.549,,-7.601,45,25,0.438,31.938,57.8
1.8431,1789129895.011,290374,y,0.417,,-7.635,46,26,0.438,31.938,58.1
1.8593,1789129895.028,290375,y,0.064,,-7.4,46,26,0.438,31.938,59.0
1.8782,1789129895.046,290376,y,0.093,,-6.897,44,25,0.438,31.938,59.3
1.8914,1789129895.060,290377,y,0.327,,-6.386,45,24,0.438,29.188,59.4
1.9071,1789129895.075,290378,junction,0.114,11.446,-5.95,45,23,0.313,0.188,59.9
1.9222,1789129895.090,290379,junction,0.072,11.027,-5.434,45,24,0.313,0.188,60.2
1.9468,1789129895.115,290380,junction,-0.047,10.802,-5.194,45,25,0.313,0.313,60.6
1.9518,1789129895.120,290381,junction,-0.196,10.65,-5.053,45,25,0.313,0.188,61.2
1.9721,1789129895.140,290382,junction,-0.273,10.446,-4.914,46,24,0.313,0.188,61.9
1.9876,1789129895.156,290383,junction,-0.331,10.316,-4.797,44,24,0.313,0.188,61.8
1.9972,1789129895.165,290384,junction,-0.39,10.248,-4.722,45,23,0.313,0.188,62.3
2.0204,1789129895.189,290385,junction,-0.51,10.161,-4.62,44,23,0.313,0.188,62.9
2.0285,1789129895.197,290386,junction,-0.505,10.118,-4.548,44,23,0.313,0.313,63.1
2.0427,1789129895.211,290387,junction,-0.508,10.097,-4.517,44,23,0.313,0.188,63.3
2.0593,1789129895.228,290388,junction,-0.487,10.135,-4.507,46,23,0.313,0.313,63.7
2.0792,1789129895.247,290389,junction,-0.469,10.192,-4.482,46,23,0.313,0.313,63.7
2.0887,1789129895.257,290390,junction,-0.475,10.215,-4.435,45,23,0.188,0.313,64.0
2.1048,1789129895.273,290391,junction,-0.596,10.189,-4.385,45,23,0.188,0.188,64.5
2.1193,1789129895.288,290392,junction,-0.581,10.166,-4.358,45,23,0.188,0.188,64.1
2.1360,1789129895.304,290393,junction,-0.598,10.172,-4.343,45,23,0.188,0.313,64.2
2.1514,1789129895.320,290394,junction,-0.594,10.165,-4.303,47,23,0.313,0.188,64.4
2.1664,1789129895.335,290395,junction,-0.697,10.123,-4.27,48,23,0.313,0.188,64.3
2.1810,1789129895.349,290396,junction,-0.708,10.128,-4.344,48,23,0.313,0.188,64.4
2.1974,1789129895.366,290397,junction,-0.571,10.146,-4.312,47,23,0.313,0.313,64.6
2.2143,1789129895.382,290398,junction,-0.593,9.954,-4.143,45,24,0.313,0.188,64.4
2.2336,1789129895.402,290399,junction,-0.536,9.847,-4.111,47,24,0.188,0.188,64.4
2.2643,1789129895.433,290400,junction,-0.312,10.07,-4.135,117,55,0.313,0.188,60.0
2.2787,1789129895.447,290401,junction,-0.529,9.797,-4.118,48,24,0.313,0.313,57.4
2.2976,1789129895.466,290402,junction,-0.486,9.8,-4.132,48,24,0.313,0.313,58.4
2.3127,1789129895.481,290403,junction,-0.531,9.804,-4.136,47,24,0.313,0.188,57.6
2.3270,1789129895.495,290404,junction,-0.583,9.792,-4.124,47,24,0.313,0.188,58.4
2.3422,1789129895.510,290405,junction,-0.527,9.785,-4.119,48,24,0.313,0.188,59.2
2.3574,1789129895.526,290406,junction,-0.524,9.81,-4.147,48,24,0.313,0.188,60.1
2.3723,1789129895.541,290407,junction,-0.55,9.799,-4.147,48,24,0.313,0.313,60.5
2.3867,1789129895.555,290408,junction,-0.583,9.773,-4.165,48,24,0.313,0.188,61.2
2.4029,1789129895.571,290409,junction,-0.631,9.751,-4.219,48,23,0.313,0.188,61.7
2.4179,1789129895.586,290410,junction,-0.719,9.7,-4.25,48,23,0.313,0.188,62.1
2.4336,1789129895.602,290411,junction,-0.67,9.676,-4.336,48,23,0.313,0.188,62.5
2.4485,1789129895.617,290412,junction,-0.685,9.667,-4.359,48,23,0.313,0.188,63.1
2.4652,1789129895.633,290413,junction,-0.747,9.646,-4.364,48,23,0.313,0.188,62.4
2.4792,1789129895.647,290414,junction,-0.804,9.609,-4.416,48,23,0.313,0.313,62.8
2.4952,1789129895.663,290415,junction,-0.819,9.61,-4.448,47,23,0.313,0.188,63.2
2.5104,1789129895.679,290416,junction,-0.807,9.589,-4.467,47,23,0.313,0.313,63.3
2.5255,1789129895.694,290417,junction,-0.876,9.579,-4.484,47,23,0.313,0.188,63.7
2.5416,1789129895.710,290418,junction,-0.873,9.565,-4.49,48,23,0.313,0.188,63.9
2.5563,1789129895.725,290419,junction,-0.939,9.549,-4.53,48,23,0.313,0.188,63.7
2.5710,1789129895.739,290420,junction,-0.919,9.534,-4.526,47,23,0.188,0.313,64.0
2.5884,1789129895.757,290421,junction,-0.914,9.533,-4.538,47,23,0.313,0.313,64.1
2.6030,1789129895.771,290422,junction,-0.951,9.537,-4.544,47,23,0.313,0.188,64.0
2.6169,1789129895.785,290423,junction,-0.96,9.531,-4.538,47,23,0.313,0.188,64.2
2.6339,1789129895.802,290424,junction,-0.909,9.533,-4.547,48,23,0.313,0.313,64.4
2.6497,1789129895.818,290425,junction,-0.945,9.533,-4.543,48,23,0.313,0.188,64.2
2.6707,1789129895.839,290426,junction,-0.904,9.537,-4.549,48,23,0.313,0.313,64.3
2.6800,1789129895.848,290427,junction,-0.903,9.537,-4.547,48,23,0.313,0.313,64.5
2.6956,1789129895.864,290428,junction,-0.925,9.533,-4.543,47,23,0.313,0.313,64.5
2.7107,1789129895.879,290429,junction,-0.922,9.543,-4.544,48,23,0.313,0.313,64.4
2.7407,1789129895.909,290430,junction,-0.745,9.558,-4.517,117,55,0.313,0.188,62.0
2.7589,1789129895.927,290431,junction,-0.911,9.537,-4.548,48,23,0.313,0.313,59.1
2.7706,1789129895.939,290432,junction,-0.953,9.53,-4.531,47,23,0.313,0.188,60.0
2.7850,1789129895.953,290433,junction,-0.934,9.54,-4.547,47,23,0.313,0.313,60.7
2.7996,1789129895.968,290434,junction,-0.938,9.525,-4.536,47,23,0.313,0.313,61.1
2.8148,1789129895.983,290435,junction,-0.91,9.531,-4.532,47,23,0.313,0.313,61.9
2.8302,1789129895.998,290436,junction,-0.914,9.537,-4.538,47,23,0.313,0.313,62.4
2.8457,1789129896.014,290437,junction,-0.91,9.537,-4.536,47,23,0.313,0.313,62.6
2.8589,1789129896.027,290438,junction,-0.898,9.535,-4.54,48,23,0.313,0.313,63.4
2.8757,1789129896.044,290439,junction,-0.948,9.547,-4.532,47,23,0.313,0.188,63.7
2.8894,1789129896.058,290440,junction,-0.901,9.552,-4.547,47,23,0.313,0.313,63.7
2.9046,1789129896.073,290441,junction,-0.97,9.552,-4.537,47,23,0.313,0.188,64.0
2.9202,1789129896.088,290442,junction,-0.894,9.559,-4.542,48,23,0.313,0.313,64.6
2.9352,1789129896.103,290443,junction,-0.887,9.565,-4.549,48,23,0.313,0.313,64.5
2.9504,1789129896.119,290444,junction,-0.945,9.541,-4.524,48,23,0.313,0.188,64.5
2.9657,1789129896.134,290445,junction,-0.891,9.565,-4.551,48,23,0.313,0.313,64.8
2.9825,1789129896.151,290446,junction,-0.907,9.562,-4.548,48,23,0.313,0.313,64.6
2.9954,1789129896.164,290447,junction,-0.96,9.544,-4.53,47,23,0.313,0.188,65.2
3.0108,1789129896.179,290448,junction,-0.89,9.565,-4.555,48,23,0.313,0.313,65.2
3.0266,1789129896.195,290449,junction,-0.958,9.55,-4.538,48,23,0.313,0.188,64.9
3.0429,1789129896.211,290450,junction,-0.922,9.547,-4.53,47,23,0.313,0.188,64.8
3.0584,1789129896.227,290451,junction,-0.917,9.557,-4.543,48,23,0.313,0.313,65.1
3.0727,1789129896.241,290452,junction,-0.881,9.547,-4.531,47,23,0.313,0.313,64.7
3.0886,1789129896.257,290453,junction,-0.917,9.552,-4.533,48,23,0.313,0.313,64.9
3.1039,1789129896.272,290454,junction,-0.901,9.55,-4.532,47,23,0.313,0.313,65.0
3.1192,1789129896.287,290455,junction,-0.944,9.549,-4.531,47,23,0.313,0.188,64.7
3.1334,1789129896.302,290456,junction,-0.914,9.562,-4.538,47,23,0.313,0.313,65.2
3.1507,1789129896.319,290457,junction,-0.912,9.562,-4.532,47,23,0.313,0.188,65.2
3.1651,1789129896.333,290458,junction,-0.932,9.565,-4.534,48,23,0.313,0.188,64.7
3.1812,1789129896.349,290459,junction,-0.914,9.565,-4.532,47,23,0.313,0.313,64.8
3.2125,1789129896.381,290460,junction,-0.721,9.608,-4.511,117,55,0.313,0.188,62.4
3.2248,1789129896.393,290461,junction,-0.906,9.585,-4.538,47,23,0.313,0.188,59.4
3.2408,1789129896.409,290462,junction,-0.934,9.588,-4.538,48,23,0.313,0.188,60.2
3.2553,1789129896.424,290463,junction,-0.966,9.6,-4.551,47,23,0.313,0.188,61.0
3.2704,1789129896.439,290464,junction,-0.962,9.68,-4.596,47,23,0.313,0.188,61.4
3.2847,1789129896.453,290465,junction,-1.05,9.752,-4.616,47,23,0.313,0.188,62.1
3.2999,1789129896.468,290466,junction,-1.064,9.892,-4.632,47,23,0.313,0.313,62.7
3.3147,1789129896.483,290467,junction,-1.113,10.088,-4.614,46,24,0.313,0.188,62.8
3.3293,1789129896.498,290468,junction,-1.081,10.411,-4.555,45,23,0.313,0.313,63.6
3.3446,1789129896.513,290469,junction,-1.071,10.753,-4.521,46,23,0.313,0.188,64.0
3.3600,1789129896.528,290470,junction,-0.999,11.365,-4.378,47,23,0.313,0.313,64.0
3.3748,1789129896.543,290471,junction,-0.909,12.069,-4.192,47,23,0.313,0.313,64.2
3.3899,1789129896.558,290472,junction,-0.84,12.606,-4.014,46,23,0.313,0.313,64.5
3.4047,1789129896.573,290473,junction,-0.86,13.338,-3.835,47,23,0.313,0.313,64.3
3.4214,1789129896.590,290474,junction,-0.711,14.261,-3.57,46,23,0.313,0.313,64.5
3.4358,1789129896.604,290475,junction,-0.599,15.063,-3.362,47,22,0.313,0.438,65.1
3.4513,1789129896.620,290476,junction,-0.34,16.308,-3.061,47,22,0.313,0.563,64.7
3.4649,1789129896.633,290477,junction,0.04,17.468,-2.656,48,22,0.313,0.313,65.0
3.4820,1789129896.650,290478,junction,0.118,18.456,-2.411,49,21,0.313,0.438,65.2
3.4975,1789129896.666,290479,junction,0.411,19.566,-2.05,48,21,0.313,0.688,64.4
3.5133,1789129896.682,290480,junction,0.187,20.212,-1.737,49,20,0.188,0.438,64.7
3.5279,1789129896.696,290481,junction,0.562,20.922,-1.644,48,21,0.313,0.813,64.9
3.5435,1789129896.712,290482,junction,0.474,21.392,-1.48,48,21,0.188,0.563,64.6
3.5587,1789129896.727,290483,junction,0.703,22.112,-1.321,49,20,0.313,0.938,65.1
3.5743,1789129896.743,290484,junction,0.698,22.575,-1.136,49,20,0.188,0.813,65.1
3.5890,1789129896.757,290485,junction,0.665,23.113,-1.015,48,19,0.188,0.438,64.7
3.6044,1789129896.773,290486,junction,0.948,23.969,-0.854,49,19,0.188,0.938,65.3
3.6208,1789129896.789,290487,junction,0.972,24.386,-0.775,49,19,0.188,0.813,65.2
3.6348,1789129896.803,290488,junction,0.573,24.75,-0.725,49,20,0.188,0.438,64.9
3.6490,1789129896.817,290489,junction,1.161,25.685,-0.631,49,20,0.188,0.813,65.5
3.6810,1789129896.849,290490,junction,3.187,27.619,-0.605,122,38,0.063,0.313,62.5
3.6946,1789129896.863,290491,y,-0.753,,-0.264,50,20,0.188,,59.4
3.7104,1789129896.879,290492,junction,3.546,29.216,-0.638,50,15,0.188,0.313,60.7
3.7239,1789129896.892,290493,y,-0.756,,-0.259,52,19,0.188,,60.9
3.7398,1789129896.908,290494,junction,3.839,,-0.549,50,15,0.188,0.313,61.8
3.7534,1789129896.922,290495,y,-0.65,,-0.181,53,19,0.188,,62.4
3.7690,1789129896.937,290496,y,-0.588,,-0.167,52,15,0.188,,63.2
3.7842,1789129896.952,290497,y,-0.581,,-0.187,54,14,0.188,,63.1
3.7985,1789129896.967,290498,y,-0.535,,-0.231,53,14,0.188,,63.5
3.8152,1789129896.983,290499,y,-0.503,,-0.252,55,14,0.188,,63.8
3.8361,1789129897.004,290500,y,-0.499,,-0.238,56,14,0.188,,63.9
3.8439,1789129897.012,290501,y,-0.453,,-0.278,56,14,0.188,,64.1
3.8597,1789129897.028,290502,y,-0.446,,-0.345,56,17,0.188,,64.7
3.8746,1789129897.043,290503,y,-0.416,,-0.393,58,20,0.188,,64.5
3.8961,1789129897.064,290504,y,-0.351,,-0.404,57,25,0.188,,65.0
3.9031,1789129897.071,290505,y,-0.256,,-0.402,58,25,0.188,,65.4
3.9176,1789129897.086,290506,y,-0.188,,-0.429,57,25,0.188,,65.7
3.9322,1789129897.100,290507,y,-0.189,,-0.455,56,26,0.188,,66.0
3.9469,1789129897.115,290508,y,-0.215,,-0.487,56,26,0.188,,66.4
3.9616,1789129897.130,290509,y,-0.18,,-0.528,53,26,0.188,,66.2
3.9765,1789129897.145,290510,y,-0.095,,-0.485,52,26,0.188,,66.6
3.9911,1789129897.159,290511,y,-0.003,,-0.464,51,27,0.188,,66.8
4.0062,1789129897.174,290512,y,0.07,,-0.442,51,27,0.188,,66.5
4.0209,1789129897.189,290513,junction,-0.085,-28.488,-0.515,51,27,0.188,2.563,66.9
4.0378,1789129897.206,290514,junction,-0.016,-27.434,-0.615,50,27,0.188,1.063,66.6
4.0517,1789129897.220,290515,junction,0.018,-26.247,-0.641,49,28,0.188,0.938,66.4
4.0669,1789129897.235,290516,junction,0.093,-24.76,-0.663,50,28,0.188,0.813,66.2
4.0839,1789129897.252,290517,junction,0.136,-23.634,-0.724,49,28,0.188,0.813,66.5
4.0993,1789129897.268,290518,junction,0.207,-21.884,-0.838,48,27,0.188,0.688,65.7
4.1137,1789129897.282,290519,junction,0.25,-20.012,-0.886,49,27,0.063,0.563,65.7
4.1428,1789129897.311,290520,junction,0.465,-17.164,-1.044,120,72,0.063,0.688,63.1
4.1576,1789129897.326,290521,junction,0.367,-15.083,-1.238,47,29,0.188,0.188,60.7
4.1724,1789129897.341,290522,junction,0.398,-13.16,-1.276,47,29,0.188,0.313,61.4
4.1872,1789129897.355,290523,junction,0.391,-11.595,-1.411,48,29,0.188,0.313,61.8
4.2017,1789129897.370,290524,junction,0.494,-9.656,-1.441,50,29,0.188,0.313,62.2
4.2216,1789129897.390,290525,junction,0.576,-8.092,-1.434,53,29,0.188,0.313,62.9
4.2374,1789129897.406,290526,junction,0.599,-5.774,-1.523,51,29,0.188,0.313,61.6
4.2511,1789129897.419,290527,junction,0.604,-4.419,-1.608,51,30,0.188,0.438,61.8
4.2660,1789129897.434,290528,junction,0.531,-3.073,-1.667,51,30,0.188,0.438,62.4
4.2812,1789129897.449,290529,junction,0.519,-1.383,-1.706,50,31,0.188,0.188,63.0
4.2965,1789129897.465,290530,junction,0.619,0.354,-1.735,49,30,0.188,0.438,63.1
4.3105,1789129897.479,290531,junction,0.676,1.842,-1.704,49,31,0.188,0.313,63.6
4.3259,1789129897.494,290532,junction,0.749,3.112,-1.658,48,31,0.063,0.188,64.0
4.3438,1789129897.512,290533,junction,0.771,5.381,-1.626,47,30,0.188,0.188,64.3
4.3580,1789129897.526,290534,junction,0.702,7.177,-1.489,46,29,0.188,0.063,63.4
4.3750,1789129897.543,290535,junction,0.855,8.908,-1.306,47,29,0.188,0.188,63.7
4.3893,1789129897.558,290536,junction,0.829,10.747,-1.121,49,29,0.188,0.188,63.7
4.4047,1789129897.573,290537,junction,0.972,12.637,-0.907,48,28,0.188,0.313,64.1
4.4205,1789129897.589,290538,junction,0.972,13.999,-0.823,49,28,0.188,0.438,64.2
4.4348,1789129897.603,290539,junction,1.074,16.3,-0.573,49,26,0.188,0.438,64.1
4.4496,1789129897.618,290540,junction,1.12,17.884,-0.396,49,28,0.188,0.563,64.6
4.4662,1789129897.634,290541,junction,1.161,19.242,-0.253,49,28,0.188,0.563,64.9
4.4805,1789129897.649,290542,junction,1.069,20.822,-0.176,49,28,0.188,0.688,64.5
4.4948,1789129897.663,290543,y,1.329,,-0.479,51,28,0.188,,64.6
4.5114,1789129897.680,290544,junction,1.511,24.6,0.188,50,23,0.188,2.063,65.4
4.5266,1789129897.695,290545,junction,3.504,26.231,0.451,50,26,0.188,0.063,64.5
4.5413,1789129897.710,290546,y,1.279,,0.073,50,26,0.188,,65.1
4.5576,1789129897.726,290547,y,1.223,,0.228,51,23,0.188,,65.1
4.5729,1789129897.741,290548,y,1.127,,0.415,53,20,0.188,,64.7
4.5887,1789129897.757,290549,y,1.174,,0.744,55,20,0.188,,64.9
4.6098,1789129897.778,290550,y,1.276,,1.165,56,12,0.188,,62.2
4.6287,1789129897.797,290551,y,1.352,,1.429,56,12,0.188,,62.5
4.6389,1789129897.807,290552,y,1.379,,1.579,58,18,0.188,,63.3
4.6532,1789129897.821,290553,y,1.257,,1.8,58,21,0.188,,63.9
4.6671,1789129897.835,290554,y,1.193,,1.881,57,23,0.313,,64.2
4.6864,1789129897.855,290555,y,1.155,,1.986,58,25,0.188,,65.1
4.7044,1789129897.873,290556,y,0.926,,2.22,144,59,0.313,,65.5
4.7181,1789129897.886,290557,y,0.74,,2.438,56,24,0.188,,62.3
4.7327,1789129897.901,290558,y,0.609,,2.671,56,24,0.313,,63.0
4.7472,1789129897.915,290559,y,0.541,,2.802,53,24,0.313,,64.0
4.7627,1789129897.931,290560,y,0.32,,3.038,52,25,0.313,,64.1
4.7764,1789129897.945,290561,y,0.274,,3.183,52,24,0.313,,64.7
4.7912,1789129897.959,290562,y,0.151,,3.408,52,24,0.313,,65.0
4.8079,1789129897.976,290563,y,0.146,,3.56,52,24,0.188,,65.0
4.8213,1789129897.990,290564,y,0.063,,3.727,51,24,0.313,,65.6
4.8353,1789129898.004,290565,y,0.074,,3.789,51,23,0.313,,65.9
4.8502,1789129898.018,290566,y,-0.005,,3.854,51,23,0.313,,65.7
4.8720,1789129898.040,290567,y,0.277,,3.865,49,23,0.313,,66.3
4.8885,1789129898.057,290568,y,0.417,,3.955,122,61,0.313,,66.5
4.9026,1789129898.071,290569,y,0.796,,4.026,50,24,0.313,,62.8
4.9181,1789129898.086,290570,y,0.964,,4.128,48,24,0.313,,63.2
4.9350,1789129898.103,290571,y,1.135,,4.317,45,20,0.188,,63.7
4.9486,1789129898.117,290572,y,1.188,,4.459,48,19,0.438,,63.7
4.9636,1789129898.132,290573,y,1.251,,4.702,49,19,0.313,,64.0
4.9792,1789129898.147,290574,y,1.47,,4.848,51,20,0.438,,64.2
4.9958,1789129898.164,290575,y,1.585,,5.001,52,20,0.438,,63.9
5.0099,1789129898.178,290576,y,1.644,,5.106,52,19,0.438,,64.1
5.0261,1789129898.194,290577,y,1.831,,5.154,51,18,0.563,,64.2
5.0416,1789129898.210,290578,y,1.976,,5.11,50,19,0.438,,64.2
5.0590,1789129898.227,290579,y,2.053,,5.06,50,19,0.438,,64.2
5.0876,1789129898.256,290580,y,2.224,,4.906,119,58,0.313,,61.8
5.1022,1789129898.271,290581,y,2.373,,4.669,49,26,0.313,,58.9
5.1205,1789129898.289,290582,y,2.52,,4.455,48,24,0.313,,59.7
5.1315,1789129898.300,290583,y,2.748,,4.207,49,24,0.438,,60.4
5.1464,1789129898.315,290584,y,2.763,,3.945,49,25,0.313,,61.2
5.1604,1789129898.329,290585,y,2.851,,3.63,49,25,0.313,,61.7
5.1830,1789129898.351,290586,y,2.953,,3.441,52,23,0.313,,62.2
5.1915,1789129898.360,290587,y,3.183,,3.246,52,20,0.313,,62.5
5.2066,1789129898.375,290588,y,3.155,,3.099,52,20,0.313,,62.9
5.2217,1789129898.390,290589,y,3.17,,2.929,51,20,0.313,,63.2
5.2445,1789129898.413,290590,y,3.112,,2.752,52,18,0.188,,63.2
5.2521,1789129898.420,290591,y,3.178,,2.608,53,18,0.313,,63.8
5.2772,1789129898.445,290592,y,3.136,,2.568,137,46,0.188,,64.0
5.2926,1789129898.461,290593,y,3.168,,2.425,56,10,0.313,,60.1
5.3069,1789129898.475,290594,y,3.149,,2.333,57,11,0.188,,60.7
5.3236,1789129898.492,290595,y,3.129,,2.293,58,14,0.313,,61.3
5.3380,1789129898.506,290596,y,3.101,,2.295,58,19,0.313,,61.5
5.3524,1789129898.521,290597,y,3.071,,2.241,58,23,0.188,,62.2
5.3667,1789129898.535,290598,y,3.017,,2.165,56,26,0.188,,62.7
5.3820,1789129898.550,290599,y,2.867,,2.113,57,26,0.313,,63.0
5.3967,1789129898.565,290600,y,2.834,,2.174,56,26,0.313,,63.7
5.4123,1789129898.581,290601,y,2.777,,2.085,53,27,0.313,,64.1
5.4260,1789129898.594,290602,y,2.827,,1.996,53,28,0.313,,64.1
5.4411,1789129898.609,290603,y,2.817,,2.022,54,27,0.313,,64.9
5.4559,1789129898.624,290604,y,2.788,,2.06,53,27,0.313,,65.1
5.4708,1789129898.639,290605,y,2.851,,2.038,53,26,0.188,,64.9
5.4864,1789129898.655,290606,junction,1.953,-29.328,0.48,53,28,0.188,2.063,65.5
5.5046,1789129898.673,290607,junction,1.771,-28.289,0.412,50,26,0.313,1.313,65.3
5.5179,1789129898.686,290608,junction,1.828,-27.002,0.593,51,27,0.313,0.938,64.8
5.5335,1789129898.702,290609,junction,1.96,-25.728,0.719,49,27,0.313,0.688,64.8
5.5630,1789129898.731,290610,junction,2.734,-23.364,0.967,123,69,0.188,1.563,62.6
5.5764,1789129898.745,290611,junction,2.135,-22.143,1.099,48,27,0.188,0.438,59.8
5.5917,1789129898.760,290612,junction,2.279,-20.816,1.148,50,27,0.188,0.563,60.6
5.6065,1789129898.775,290613,y,3.374,,2.324,47,27,0.188,,61.0
5.6211,1789129898.789,290614,y,3.407,,2.336,48,27,0.188,,61.9
5.6345,1789129898.803,290615,y,3.408,,2.331,49,28,0.188,,62.6
5.6613,1789129898.830,290616,y,3.497,,2.316,119,67,0.188,,63.6
5.6724,1789129898.841,290617,y,3.603,,2.319,49,24,0.188,,60.6
5.6866,1789129898.855,290618,y,3.692,,2.306,49,23,0.313,,61.4
5.7015,1789129898.870,290619,y,3.689,,2.259,50,23,0.313,,62.1
5.7207,1789129898.889,290620,y,3.706,,2.193,52,23,0.313,,62.7
5.7301,1789129898.898,290621,y,3.716,,2.144,52,24,0.313,,63.1
5.7460,1789129898.914,290622,y,3.744,,2.1,54,24,0.313,,63.6
5.7609,1789129898.929,290623,y,3.734,,2.065,54,23,0.188,,64.0
5.7803,1789129898.949,290624,y,3.817,,1.991,52,23,0.313,,64.3
5.7907,1789129898.959,290625,y,3.769,,1.921,52,22,0.188,,64.6
5.8057,1789129898.974,290626,y,3.723,,1.829,52,22,0.188,,64.8
5.8204,1789129898.989,290627,y,3.703,,1.688,51,23,0.188,,64.9
5.8441,1789129899.012,290628,y,3.726,,1.594,127,57,0.188,,65.1
5.8600,1789129899.028,290629,y,3.716,,1.341,49,25,0.188,,61.4
5.8750,1789129899.043,290630,y,3.683,,1.205,49,27,0.188,,62.0
5.8910,1789129899.059,290631,y,3.67,,1.127,50,27,0.188,,62.4
5.9044,1789129899.073,290632,y,3.692,,1.031,49,28,0.188,,62.6
5.9208,1789129899.089,290633,y,3.739,,0.95,48,28,0.188,,63.0
5.9363,1789129899.105,290634,y,3.795,,0.887,50,27,0.188,,63.2
5.9519,1789129899.120,290635,y,3.832,,0.809,50,28,0.188,,63.0
5.9667,1789129899.135,290636,y,3.804,,0.726,50,28,0.188,,63.4
5.9839,1789129899.152,290637,y,3.711,,0.705,50,28,0.188,,63.7
5.9977,1789129899.166,290638,y,3.61,,0.642,49,27,0.188,,63.5
6.0128,1789129899.181,290639,y,3.59,,0.586,50,27,0.188,,63.7
6.0455,1789129899.214,290640,y,3.548,,0.569,127,58,0.063,,61.6
6.0596,1789129899.228,290641,y,3.65,,0.377,50,20,0.188,,58.3
6.0749,1789129899.243,290642,y,3.695,,0.291,51,20,0.188,,59.1
6.0891,1789129899.257,290643,y,3.684,,0.247,52,20,0.188,,59.9
6.1046,1789129899.273,290644,y,3.75,,0.238,53,19,0.188,,60.3
6.1178,1789129899.286,290645,y,3.808,,0.229,55,18,0.188,,61.3
6.1342,1789129899.302,290646,y,3.995,,0.271,55,12,0.188,,61.9
6.1501,1789129899.318,290647,y,4.102,,0.324,55,13,0.188,,62.1
6.1652,1789129899.334,290648,y,4.2,,0.375,57,13,0.188,,62.1
6.1804,1789129899.349,290649,y,4.404,,0.445,58,20,0.188,,62.6
6.1938,1789129899.362,290650,y,4.556,,0.492,56,20,0.188,,62.9
6.2086,1789129899.377,290651,y,4.689,,0.534,56,20,0.188,,63.6
6.2247,1789129899.393,290652,y,4.864,,0.592,55,20,0.188,,64.2
6.2383,1789129899.407,290653,y,4.914,,0.619,52,21,0.188,,64.1
6.2538,1789129899.422,290654,y,4.937,,0.695,51,21,0.188,,64.5
6.2705,1789129899.439,290655,junction,-0.218,,-2.084,51,21,0.313,0.563,64.9
6.2835,1789129899.452,290656,junction,1.818,,-1.768,52,20,0.188,0.688,64.7
6.2989,1789129899.467,290657,junction,1.806,-29.387,-1.323,50,20,0.313,0.563,65.0
6.3156,1789129899.484,290658,junction,1.569,-28.616,-0.878,51,20,0.313,0.938,65.0
6.3298,1789129899.498,290659,junction,1.416,-27.595,-0.174,48,20,0.188,0.813,64.9
6.3447,1789129899.513,290660,junction,1.77,-26.823,0.377,48,19,0.188,0.563,65.1
6.3614,1789129899.530,290661,junction,1.653,-25.973,0.791,51,19,0.313,0.438,65.2
6.3743,1789129899.543,290662,y,3.663,,2.97,50,18,0.188,,65.1
6.3889,1789129899.557,290663,y,3.701,,3.308,50,20,0.313,,65.6
6.4139,1789129899.582,290664,y,3.681,,3.801,120,46,0.313,,66.2
6.4290,1789129899.597,290665,y,3.592,,4.465,49,19,0.313,,62.3
6.4484,1789129899.617,290666,y,3.705,,4.791,51,18,0.313,,62.6
6.4598,1789129899.628,290667,y,3.695,,5.178,48,18,0.313,,62.9
6.4751,1789129899.643,290668,y,3.705,,5.457,48,18,0.313,,63.1
6.4902,1789129899.658,290669,y,3.767,,5.53,49,14,0.438,,63.2
6.5110,1789129899.679,290670,y,4.012,,5.588,50,16,0.438,,60.9
6.5259,1789129899.694,290671,y,4.169,,5.545,52,17,0.438,,61.7
6.5405,1789129899.709,290672,y,4.097,,5.542,54,16,0.563,,62.3
6.5549,1789129899.723,290673,y,4.312,,5.433,56,16,0.688,,62.9
6.5724,1789129899.741,290674,y,4.341,,5.329,55,17,0.688,,63.1
6.5838,1789129899.752,290675,y,4.319,,5.244,53,18,0.688,,63.7
6.6085,1789129899.777,290676,y,4.196,,5.1,138,44,0.688,,64.1
6.6315,1789129899.800,290677,y,4.039,,4.914,55,18,0.563,,60.7
6.6388,1789129899.807,290678,y,4.314,,4.761,55,17,0.688,,61.2
6.6541,1789129899.822,290679,y,4.408,,4.613,54,16,0.688,,61.8
6.6686,1789129899.837,290680,y,4.464,,4.605,56,16,0.563,,62.0
6.6835,1789129899.852,290681,y,4.39,,4.621,55,16,0.688,,62.9
6.6993,1789129899.868,290682,y,4.329,,4.596,55,16,0.688,,63.3
6.7145,1789129899.883,290683,y,4.301,,4.44,55,16,0.688,,63.3
6.7290,1789129899.897,290684,y,4.326,,4.28,54,16,0.688,,63.5
6.7454,1789129899.914,290685,y,4.363,,4.209,52,17,0.688,,63.8
6.7602,1789129899.929,290686,y,4.378,,4.185,52,17,0.688,,63.8
6.7745,1789129899.943,290687,y,4.376,,4.171,52,17,0.688,,64.0
6.8049,1789129899.973,290688,y,4.436,,4.16,131,38,0.563,,64.3
6.8134,1789129899.982,290689,y,4.491,,4.038,52,16,0.563,,60.9
6.8293,1789129899.998,290690,y,4.584,,3.985,52,16,0.563,,61.3
6.8456,1789129900.014,290691,y,4.547,,3.988,52,16,0.563,,62.1
6.8609,1789129900.029,290692,y,4.595,,4.008,50,16,0.563,,61.9
6.8752,1789129900.044,290693,y,4.657,,4.086,49,16,0.563,,62.2
6.8919,1789129900.060,290694,y,4.672,,4.241,51,16,0.688,,62.6
6.9072,1789129900.076,290695,y,4.734,,4.382,50,17,0.563,,62.8
6.9224,1789129900.091,290696,y,4.692,,4.59,49,15,0.688,,63.1
6.9384,1789129900.107,290697,y,4.607,,4.786,51,16,0.688,,63.3
6.9542,1789129900.122,290698,y,4.506,,4.918,50,19,0.563,,62.9
6.9689,1789129900.137,290699,y,4.4,,5.023,50,19,0.563,,63.1
6.9990,1789129900.167,290700,y,4.371,,5.201,124,42,0.688,,61.2
7.0133,1789129900.182,290701,y,4.284,,5.372,52,20,0.813,,58.4
7.0283,1789129900.197,290702,y,4.146,,5.476,51,20,0.688,,59.5
7.0427,1789129900.211,290703,y,4.064,,5.615,52,20,0.813,,60.2
7.0571,1789129900.225,290704,none,,,,52,19,14.688,,60.7
7.0760,1789129900.244,290705,none,,,,131,52,15.688,,61.6
7.0958,1789129900.264,290706,none,,,,131,50,14.563,,60.7
7.1158,1789129900.284,290707,none,,,,131,49,13.813,,59.5
7.1334,1789129900.302,290708,none,,,,131,51,8.063,,58.9
7.1534,1789129900.322,290709,none,,,,131,53,15.063,,58.1
7.1783,1789129900.347,290710,none,,,,131,52,17.688,,57.2
7.1912,1789129900.360,290711,none,,,,130,51,17.563,,56.8
7.2113,1789129900.380,290712,none,,,,131,51,16.188,,56.4
7.2298,1789129900.398,290713,none,,,,131,54,12.438,,55.7
7.2487,1789129900.417,290714,none,,,,130,54,8.938,,55.5
7.2679,1789129900.436,290715,none,,,,131,54,7.438,,55.2
7.2875,1789129900.456,290716,none,,,,133,54,14.938,,54.6
7.3057,1789129900.474,290717,none,,,,132,55,15.438,,54.6
7.3260,1789129900.494,290718,none,,,,133,54,9.938,,54.5
7.3456,1789129900.514,290719,none,,,,132,56,15.563,,53.9
7.3635,1789129900.532,290720,none,,,,133,56,14.313,,53.8
7.3840,1789129900.552,290721,none,,,,133,56,14.688,,53.7
7.4031,1789129900.571,290722,none,,,,133,55,15.063,,53.3
7.4249,1789129900.593,290723,none,,,,133,56,11.063,,53.2
7.4417,1789129900.610,290724,none,,,,133,54,14.938,,53.1
7.4615,1789129900.630,290725,none,,,,133,55,14.938,,52.9
7.4863,1789129900.655,290726,none,,,,132,54,15.563,,52.7
7.5009,1789129900.669,290727,none,,,,131,53,8.688,,52.7
7.5194,1789129900.688,290728,none,,,,131,53,8.938,,52.3
7.5460,1789129900.714,290729,none,,,,131,51,8.563,,52.2
7.5647,1789129900.733,290730,none,,,,133,54,9.063,,50.6
7.5828,1789129900.751,290731,none,,,,130,53,16.438,,50.7
7.6095,1789129900.778,290732,none,,,,131,54,16.938,,51.2
7.6204,1789129900.789,290733,none,,,,132,54,16.563,,51.4
7.6403,1789129900.809,290734,none,,,,132,57,16.813,,51.2
7.6584,1789129900.827,290735,none,,,,134,54,15.938,,51.4
7.6795,1789129900.848,290736,none,,,,134,55,16.188,,51.6
7.6967,1789129900.865,290737,none,,,,133,54,9.813,,51.6
7.7156,1789129900.884,290738,none,,,,133,52,16.188,,51.8
7.7494,1789129900.918,290739,none,,,,134,52,16.688,,52.0
7.7536,1789129900.922,290740,none,,,,134,50,15.938,,52.0
7.7724,1789129900.941,290741,none,,,,135,48,15.313,,52.1
7.7915,1789129900.960,290742,none,,,,137,49,15.188,,52.2
7.8107,1789129900.979,290743,none,,,,136,46,14.813,,52.0
7.8296,1789129900.998,290744,none,,,,137,48,13.188,,52.3
7.8486,1789129901.017,290745,none,,,,137,45,11.188,,52.4
7.8682,1789129901.037,290746,none,,,,136,46,11.063,,52.1
7.8867,1789129901.055,290747,none,,,,137,46,11.438,,52.3
7.9066,1789129901.075,290748,none,,,,138,48,12.688,,52.3
7.9252,1789129901.094,290749,none,,,,138,45,13.188,,52.1
7.9450,1789129901.113,290750,none,,,,138,44,12.688,,52.1
7.9641,1789129901.132,290751,none,,,,139,45,13.063,,52.3
7.9886,1789129901.157,290752,none,,,,140,44,12.313,,51.9
8.0030,1789129901.171,290753,none,,,,139,45,11.813,,52.1
8.0244,1789129901.193,290754,none,,,,138,45,12.063,,52.1
8.0452,1789129901.214,290755,none,,,,140,45,12.188,,51.9
8.0611,1789129901.229,290756,none,,,,140,44,11.313,,51.8
8.0866,1789129901.255,290757,none,,,,140,43,12.563,,51.8
8.1012,1789129901.270,290758,none,,,,142,44,11.938,,51.6
8.1207,1789129901.289,290759,none,,,,142,42,11.688,,51.6
8.1738,1789129901.342,290760,none,,,,143,44,11.438,,50.0
8.1739,1789129901.342,290761,none,,,,142,43,11.688,,50.3
8.1826,1789129901.351,290762,none,,,,143,43,11.188,,50.7
8.2013,1789129901.370,290763,none,,,,143,42,12.188,,51.0
8.2203,1789129901.389,290764,none,,,,143,42,13.438,,51.2
8.2393,1789129901.408,290765,none,,,,144,43,13.063,,51.3
8.2585,1789129901.427,290766,none,,,,144,45,12.813,,51.7
8.2768,1789129901.445,290767,none,,,,144,42,13.313,,51.5
8.2956,1789129901.464,290768,none,,,,144,43,13.188,,51.6
8.3158,1789129901.484,290769,none,,,,144,43,13.063,,51.9
8.3348,1789129901.503,290770,none,,,,143,44,13.813,,51.8
8.3529,1789129901.521,290771,none,,,,143,44,13.188,,51.9
8.3730,1789129901.541,290772,none,,,,144,44,13.188,,52.0
8.3912,1789129901.560,290773,none,,,,144,45,13.188,,51.9
8.4176,1789129901.586,290774,none,,,,145,46,13.188,,51.9
8.4306,1789129901.599,290775,none,,,,145,46,13.438,,52.2
8.4489,1789129901.617,290776,none,,,,144,47,13.313,,51.9
8.4713,1789129901.640,290777,none,,,,144,46,13.438,,52.0
8.4888,1789129901.657,290778,none,,,,142,46,12.688,,52.1
8.5078,1789129901.676,290779,none,,,,143,45,13.063,,51.8
8.5283,1789129901.697,290780,none,,,,142,47,12.938,,51.8
8.5481,1789129901.716,290781,none,,,,143,46,13.313,,52.0
8.5662,1789129901.735,290782,none,,,,144,44,12.688,,51.6
8.5860,1789129901.754,290783,none,,,,142,44,13.313,,51.8
8.6058,1789129901.774,290784,none,,,,142,43,13.563,,51.7
8.6254,1789129901.794,290785,none,,,,143,44,13.188,,51.4
8.6448,1789129901.813,290786,none,,,,142,44,13.063,,51.4
8.6645,1789129901.833,290787,none,,,,143,43,13.438,,51.4
8.6857,1789129901.854,290788,none,,,,143,43,13.188,,50.8
8.7052,1789129901.874,290789,none,,,,142,43,12.938,,51.0
8.7308,1789129901.899,290790,none,,,,143,43,13.313,,49.4
8.7491,1789129901.917,290791,none,,,,142,43,13.313,,49.6
8.7679,1789129901.936,290792,none,,,,142,43,12.438,,50.0
8.7871,1789129901.955,290793,none,,,,142,42,13.063,,50.5
8.8063,1789129901.975,290794,none,,,,142,44,13.313,,50.5
8.8243,1789129901.993,290795,none,,,,143,42,13.313,,50.8
8.8446,1789129902.013,290796,none,,,,143,43,12.938,,50.9
8.8630,1789129902.031,290797,none,,,,142,43,13.438,,51.0
8.8913,1789129902.060,290798,none,,,,141,43,13.313,,51.1
8.9020,1789129902.070,290799,none,,,,141,42,13.313,,51.4
8.9206,1789129902.089,290800,none,,,,142,43,13.188,,51.3
8.9401,1789129902.108,290801,none,,,,143,42,12.813,,51.4
8.9684,1789129902.137,290802,none,,,,142,42,12.938,,51.6
8.9784,1789129902.147,290803,none,,,,142,42,12.688,,51.4
8.9977,1789129902.166,290804,none,,,,141,42,12.813,,51.7
9.0179,1789129902.186,290805,none,,,,142,43,12.563,,51.7
9.0372,1789129902.206,290806,none,,,,142,43,13.438,,51.5
9.0565,1789129902.225,290807,none,,,,142,41,13.313,,51.5
9.0760,1789129902.244,290808,none,,,,142,43,13.063,,51.5
9.0963,1789129902.265,290809,none,,,,142,43,12.938,,51.3
